itr,err,ans
10,0.00045760701802554775,4.02128855143806
20,0.000484876136435083,4.015568105936459
30,0.0004231462083593393,4.0116676631320916
40,0.00034679056784685177,4.009040008543077
50,0.0002813884338641894,4.007238256686311
60,0.00023119305987192242,4.005974909472958
70,0.00019431414331719788,4.0050666512237925
80,0.00016767897309320442,4.004396451859802
90,0.00014848320663599446,4.003888975492068
100,0.00013452495390783262,4.003495069226942
110,0.00012419165309376687,4.003182131480066
120,0.00011634975677955164,4.002928148280593
130,0.00011022258169521728,4.002717979291152
140,0.00010528569307593058,4.00254101945288
150,0.00010118711462475976,4.0023897063522815
160,9.769045887141196e-05,4.002258552936113
170,9.463604170299518e-05,4.002143510846202
180,9.191493358446772e-05,4.002041544830902
190,8.945186150362147e-05,4.001950343921925
200,8.719399620435604e-05,4.001868122542546
210,8.510359537548612e-05,4.001793481607838
220,8.315315808468999e-05,4.001725310204536
230,8.13222140540464e-05,4.001662715087996
240,7.95951805461086e-05,4.001604969492643
250,7.79599200835584e-05,4.0015514755167345
260,7.640676118961503e-05,4.001501736160187
270,7.49278271920426e-05,4.001455334304652
280,7.351657149960338e-05,4.001411916740717
290,7.216745229899597e-05,4.001371181903022
300,7.0875702111217e-05,4.00133287035712
310,6.963716239121762e-05,4.001296757348588
320,6.844816308788877e-05,4.00126264691241
330,6.73054335498573e-05,4.001230367173783
340,6.620603548947216e-05,4.001199766566848
350,6.514731162957163e-05,4.001170710766822
360,6.412684562841796e-05,4.001143080181228
370,6.314243021972127e-05,4.001116767882889
380,6.219204142237779e-05,4.00109167789474
390,6.12738173049392e-05,4.001067723756925
400,6.038604022586999e-05,4.00104482732208
410,5.952712177295659e-05,4.001022917736353
420,5.869558983657227e-05,4.001001930572618
430,5.789007739961989e-05,4.000981807089212
440,5.7109312732062473e-05,4.00096249359283
450,5.635211075235093e-05,4.000943940888367
460,5.5617365372087796e-05,4.000926103801695
470,5.4904042679123685e-05,4.000908940764034
480,5.4211174843047755e-05,4.000892413448493
490,5.3537854648596616e-05,4.000876486451102
500,5.288323057866584e-05,4.000861127009895
510,5.22465023811282e-05,4.000846304756692
520,5.1626917063769965e-05,4.000831991497123
530,5.102376526908731e-05,4.000818161015089
540,5.0436377987652134e-05,4.0008047888984635
550,4.986412357341927e-05,4.000791852383347
560,4.9306405029486694e-05,4.0007793302145345
570,4.876265753591988e-05,4.000767202520217
580,4.8232346194987365e-05,4.000755450699222
590,4.771496397174088e-05,4.0007440573193165
600,4.721002981030843e-05,4.000733006025297
610,4.671708690852587e-05,4.000722281455776
620,4.623570113534598e-05,4.000711869167689
630,4.57654595771341e-05,4.000701755567694
640,4.530596920050994e-05,4.000691927849727
650,4.4856855620613544e-05,4.000682373938046
660,4.4417761964937847e-05,4.000673082435252
670,4.3988347823781956e-05,4.000664042574725
680,4.3568288279492136e-05,4.000655244177053
690,4.3157273007259764e-05,4.000646677610091
700,4.275500544116169e-05,4.000638333752266
710,4.236120199964221e-05,4.000630203958818
720,4.19755913653498e-05,4.0006222800307345
730,4.1597913814602e-05,4.000614554186102
740,4.122792059238225e-05,4.000607019033653
750,4.0865373329034125e-05,4.000599667548335
760,4.0510043495291966e-05,4.000592493048707
770,4.016171189253585e-05,4.000585489175992
780,3.982016817552902e-05,4.000578649874678
790,3.9485210405078694e-05,4.000571969374499
800,3.91566446283625e-05,4.000565442173701
810,3.883428448483281e-05,4.000559063023496
820,3.8517950835733625e-05,4.00055282691356
830,3.820747141569509e-05,4.000546729058565
840,3.790268050460701e-05,4.000540764885588
850,3.7603418618455796e-05,4.000534930022388
860,3.7309532217828766e-05,4.0005292202864355
870,3.702087343277209e-05,4.0005236316746675
880,3.673729980305139e-05,4.000518160353917
890,3.645867403261297e-05,4.000512802651924
900,3.618486375747937e-05,4.000507555048943
910,3.5915741326051955e-05,4.000502414169854
920,3.565118359123543e-05,4.000497376776779
930,3.5391071713425766e-05,4.000492439762125
940,3.513529097376601e-05,4.000487600142077
950,3.488373059716251e-05,4.000482855050454
960,3.463628358423394e-05,4.000478201732945
970,3.439284655184261e-05,4.000473637541678
980,3.4153319581671886e-05,4.000469159930102
990,3.391760607627255e-05,4.000464766448162
1000,3.36856126222584e-05,4.000460454737761
1010,3.345724886018372e-05,4.000456222528452
1020,3.323242736078007e-05,4.000452067633402
1030,3.301106350705412e-05,4.000447987945548
1040,3.279307538211506e-05,4.000443981433989
1050,3.2578383662302e-05,4.000440046140556
1060,3.236691151523571e-05,4.000436180176573
1070,3.215858450277126e-05,4.000432381719795
1080,3.195333048830885e-05,4.0004286490114955
1090,3.175107954847495e-05,4.000424980353716
1100,3.155176388874311e-05,4.000421374106654
1110,3.135531776290402e-05,4.000417828686189
1120,3.116167739617947e-05,4.000414342561525
1130,3.097078091172147e-05,4.000410914252963
1140,3.078256826040463e-05,4.000407542329778
1150,3.059698115365812e-05,4.000404225408206
1160,3.0413962999288132e-05,4.000400962149524
1170,3.0233458840043597e-05,4.000397751258223
1180,3.005541529481324e-05,4.000394591480284
1190,2.9879780502410166e-05,4.000391481601515
1200,2.9706504067635315e-05,4.000388420445985
1210,2.9535537009727702e-05,4.000385406874516
1220,2.936683171286738e-05,4.000382439783267
1230,2.9200341878853594e-05,4.000379518102357
1240,2.9036022481618168e-05,4.000376640794579
1250,2.887382972370987e-05,4.000373806854148
1260,2.8713720994477552e-05,4.000371015305519
1270,2.855565483000444e-05,4.000368265202264
1280,2.8399590874641516e-05,4.000365555625983
1290,2.8245489844019057e-05,4.0003628856852735
1300,2.8093313489657017e-05,4.000360254514744
1310,2.794302456484069e-05,4.00035766127407
1320,2.7794586791907557e-05,4.000355105147094
1330,2.7647964830803686e-05,4.000352585340952
1340,2.7503124248851653e-05,4.000350101085256
1350,2.736003149168592e-05,4.0003476516313015
1360,2.7218653855266997e-05,4.000345236251295
1370,2.70789594590207e-05,4.000342854237647
1380,2.6940917219984876e-05,4.000340504902258
1390,2.6804496827842064e-05,4.000338187575862
1400,2.6669668721032824e-05,4.000335901607376
1410,2.6536404063597087e-05,4.000333646363294
1420,2.6404674722999318e-05,4.000331421227088
1430,2.627445324868974e-05,4.000329225598653
1440,2.6145712851491856e-05,4.000327058893749
1450,2.601842738371119e-05,4.000324920543493
1460,2.5892571319960778e-05,4.000322809993847
1470,2.5768119738710386e-05,4.000320726705136
1480,2.5645048304445306e-05,4.000318670151598
1490,2.5523333250493376e-05,4.00031663982092
1500,2.5402951362420885e-05,4.000314635213817
1510,2.528387996205052e-05,4.0003126558436275
1520,2.5166096892034695e-05,4.000310701235902
1530,2.504958050091829e-05,4.000308770928035
1540,2.4934309628762407e-05,4.000306864468887
1550,2.4820263593232436e-05,4.00030498141844
1560,2.4707422176204276e-05,4.000303121347447
1570,2.4595765610737772e-05,4.000301283837112
1580,2.44852745685966e-05,4.000299468478767
1590,2.437593014812177e-05,4.000297674873572
1600,2.4267713862494846e-05,4.000295902632217
1610,2.4160607628456196e-05,4.0002941513746455
1620,2.405459375533856e-05,4.00029242072977
1630,2.3949654934472514e-05,4.000290710335216
1640,2.3845774228960653e-05,4.00028901983707
1650,2.3742935063778167e-05,4.000287348889624
1660,2.36411212161361e-05,4.000285697155149
1670,2.354031680626865e-05,4.000284064303656
1680,2.3440506288388684e-05,4.000282450012686
1690,2.3341674442021365e-05,4.000280853967086
1700,2.3243806363580242e-05,4.00027927585881
1710,2.314688745818838e-05,4.000277715386716
1720,2.30509034318181e-05,4.000276172256376
1730,2.295584028358248e-05,4.000274646179883
1740,2.2861684298334946e-05,4.000273136875683
1750,2.27684220395037e-05,4.000271644068392
1760,2.2676040342098166e-05,4.000270167488625
1770,2.258452630593191e-05,4.000268706872845
1780,2.24938672891299e-05,4.000267261963191
1790,2.240405090169452e-05,4.000265832507337
1800,2.2315064999411746e-05,4.000264418258339
1810,2.2226897677834766e-05,4.0002630189744925
1820,2.2139537266487168e-05,4.000261634419194
1830,2.2052972323214827e-05,4.000260264360808
1840,2.1967191628769972e-05,4.000258908572537
1850,2.188218418145109e-05,4.0002575668322935
1860,2.1797939191984195e-05,4.000256238922583
1870,2.1714446078503467e-05,4.000254924630381
1880,2.1631694461706284e-05,4.000253623747021
1890,2.154967416011015e-05,4.0002523360680815
1900,2.1468375185500586e-05,4.000251061393283
1910,2.138778773844702e-05,4.000249799526375
1920,2.1307902203991722e-05,4.000248550275048
1930,2.1228709147425387e-05,4.00024731345082
1940,2.1150199310207775e-05,4.000246088868955
1950,2.1072363605979402e-05,4.0002448763483605
1960,2.0995193116703023e-05,4.000243675711503
1970,2.0918679088893044e-05,4.000242486784323
1980,2.0842812929948873e-05,4.000241309396142
1990,2.0767586204613347e-05,4.00024014337959
2000,2.0692990631494466e-05,4.000238988570519
2010,2.0619018079674155e-05,4.00023784480793
2020,2.0545660565467272e-05,4.000236711933895
2030,2.0472910249188673e-05,4.000235589793487
2040,2.0400759432051653e-05,4.000234478234704
2050,2.032920055315338e-05,4.000233377108407
2060,2.0258226186510146e-05,4.000232286268249
2070,2.0187829038159315e-05,4.0002312055706035
2080,2.0118001943400616e-05,4.000230134874519
2090,2.004873786404305e-05,4.000229074041638
2100,1.9980029885725383e-05,4.000228022936149
2110,1.9911871215361175e-05,4.000226981424722
2120,1.9844255178584387e-05,4.000225949376461
2130,1.9777175217311343e-05,4.000224926662836
2140,1.9710624887281283e-05,4.0002239131576385
2150,1.964459785575848e-05,4.000222908736927
2160,1.9579087899243887e-05,4.000221913278979
2170,1.9514088901215707e-05,4.000220926664235
2180,1.9449594849992017e-05,4.000219948775255
2190,1.938559983653497e-05,4.000218979496674
2200,1.9322098052467325e-05,4.0002180187151515
2210,1.9259083787971573e-05,4.00021706631933
2220,1.9196551429837624e-05,4.000216122199787
2230,1.9134495459560376e-05,4.000215186249005
2240,1.9072910451409664e-05,4.000214258361318
2250,1.901179107060582e-05,4.000213338432872
2260,1.895113207151625e-05,4.000212426361598
2270,1.8890928295916926e-05,4.000211522047162
2280,1.8831174671248365e-05,4.000210625390935
2290,1.8771866208927306e-05,4.00020973629595
2300,1.8712998002741147e-05,4.000208854666877
2310,1.8654565227223066e-05,4.000207980409978
2320,1.8596563136067643e-05,4.000207113433081
2330,1.8538987060621146e-05,4.000206253645549
2340,1.8481832408361784e-05,4.000205400958239
2350,1.8425094661453867e-05,4.0002045552834815
2360,1.836876937527972e-05,4.00020371653504
2370,1.8312852177037974e-05,4.000202884628091
2380,1.8257338764434112e-05,4.000202059479191
2390,1.8202224904215443e-05,4.000201241006251
2400,1.8147506430957724e-05,4.000200429128504
2410,1.809317924572506e-05,4.000199623766482
2420,1.8039239314831313e-05,4.00019882484199
2430,1.7985682668558305e-05,4.000198032278082
2440,1.7932505400025057e-05,4.000197245999031
2450,1.7879703663912897e-05,4.000196465930313
2460,1.7827273675374857e-05,4.000195691998571
2470,1.777521170885516e-05,4.000194924131608
2480,1.7723514096990936e-05,4.00019416225835
2490,1.767217722951903e-05,4.000193406308831
2500,1.7621197552221638e-05,4.000192656214175
2510,1.757057156584003e-05,4.0001919119065645
2520,1.752029582507426e-05,4.000191173319228
2530,1.7470366937577193e-05,4.00019044038642
2540,1.7420781562957794e-05,4.000189713043397
2550,1.737153641181666e-05,4.000188991226402
2560,1.7322628244804935e-05,4.000188274872644
2570,1.727405387167384e-05,4.0001875639202815
2580,1.7225810150373455e-05,4.0001868583084015
2590,1.717789398616766e-05,4.000186157977005
2600,1.7130302330753393e-05,4.000185462866992
2610,1.708303218136445e-05,4.000184772920135
2620,1.7036080580001924e-05,4.000184088079076
2630,1.6989444612532446e-05,4.000183408287302
2640,1.6943121407902144e-05,4.00018273348913
2650,1.6897108137364322e-05,4.000182063629693
2660,1.6851402013668277e-05,4.00018139865493
2670,1.680600029028577e-05,4.0001807385115615
2680,1.676090026069264e-05,4.0001800831470815
2690,1.6716099257591564e-05,4.000179432509745
2700,1.66715946522112e-05,4.000178786548552
2710,1.662738385360955e-05,4.000178145213229
2720,1.6583464307921775e-05,4.000177508454226
2730,1.6539833497720555e-05,4.000176876222697
2740,1.6496488941349315e-05,4.0001762484704875
2750,1.6453428192216015e-05,4.000175625150127
2760,1.641064883818444e-05,4.000175006214811
2770,1.6368148500906186e-05,4.000174391618394
2780,1.6325924835258906e-05,4.000173781315376
2790,1.6283975528653347e-05,4.0001731752608904
2800,1.6242298300471816e-05,4.000172573410692
2810,1.6200890901495426e-05,4.000171975721154
2820,1.6159751113264317e-05,4.0001713821492455
2830,1.6118876747582772e-05,4.000170792652532
2840,1.607826564589951e-05,4.000170207189154
2850,1.6037915678773585e-05,4.000169625717832
2860,1.5997824745365097e-05,4.000169048197841
2870,1.5957990772858592e-05,4.000168474589015
2880,1.5918411715989063e-05,4.000167904851722
2890,1.5879085556504184e-05,4.000167338946872
2900,1.584001030266621e-05,4.000166776835898
2910,1.5801183988750173e-05,4.000166218480745
2920,1.576260467458548e-05,4.00016566384387
2930,1.572427044508689e-05,4.000165112888227
2940,1.5686179409727453e-05,4.00016456557726
2950,1.5648329702148466e-05,4.000164021874899
2960,1.5610719479696247e-05,4.000163481745545
2970,1.5573346922954758e-05,4.000162945154067
2980,1.553621023532243e-05,4.000162412065793
2990,1.5499307642625332e-05,4.000161882446505
3000,1.546263739261591e-05,4.000161356262426
3010,1.5426197754649605e-05,4.000160833480217
3020,1.5389987019260826e-05,4.0001603140669735
3030,1.5354003497712305e-05,4.000159797990207
3040,1.5318245521677003e-05,4.000159285217854
3050,1.5282711442834793e-05,4.000158775718251
3060,1.5247399632463123e-05,4.0001582694601465
3070,1.5212308481125966e-05,4.0001577664126815
3080,1.5177436398295885e-05,4.000157266545388
3090,1.5142781811950779e-05,4.000156769828181
3100,1.5108343168321313e-05,4.000156276231359
3110,1.5074118931453766e-05,4.000155785725587
3120,1.50401075829355e-05,4.000155298281901
3130,1.5006307621572534e-05,4.000154813871696
3140,1.4972717563008283e-05,4.00015433246672
3150,1.4939335939453966e-05,4.000153854039076
3160,1.4906161299387666e-05,4.000153378561207
3170,1.48731922072187e-05,4.000152906005897
3180,1.484042724299771e-05,4.000152436346264
3190,1.4807865002127166e-05,4.000151969555753
3200,1.4775504095084207e-05,4.0001515056081365
3210,1.4743343147109392e-05,4.000151044477501
3220,1.4711380797967549e-05,4.000150586138249
3230,1.4679615701651533e-05,4.000150130565095
3240,1.4648046526112464e-05,4.000149677733054
3250,1.4616671953018244e-05,4.000149227617443
3260,1.4585490677488817e-05,4.000148780193873
3270,1.4554501407818277e-05,4.000148335438251
3280,1.452370286528044e-05,4.000147893326762
3290,1.4493093783839064e-05,4.000147453835882
3300,1.446267290995205e-05,4.0001470169423605
3310,1.44324390022922e-05,4.0001465826232225
3320,1.4402390831558059e-05,4.000146150855764
3330,1.437252718024511e-05,4.000145721617546
3340,1.4342846842399647e-05,4.000145294886392
3350,1.4313348623433885e-05,4.000144870640385
3360,1.4284031339906204e-05,4.00014444885786
3370,1.4254893819306622e-05,4.000144029517406
3380,1.422593489985344e-05,4.00014361259786
3390,1.4197153430337603e-05,4.000143198078299
3400,1.4168548269849421e-05,4.000142785938043
3410,1.4140118287662202e-05,4.000142376156649
3420,1.4111862363004515e-05,4.000141968713906
3430,1.4083779384889553e-05,4.0001415635898345
3440,1.405586825194616e-05,4.00014116076468
3450,1.4028127872212424e-05,4.000140760218915
3460,1.4000557163006563e-05,4.00014036193323
3470,1.3973155050726588e-05,4.0001399658885335
3480,1.3945920470690196e-05,4.0001395720659465
3490,1.3918852367010062e-05,4.000139180446805
3500,1.38919496923677e-05,4.00013879101265
3510,1.3865211407924419e-05,4.000138403745231
3520,1.3838636483110864e-05,4.0001380186264965
3530,1.3812223895564878e-05,4.000137635638599
3540,1.3785972630889909e-05,4.000137254763883
3550,1.3759881682560643e-05,4.000136875984893
3560,1.373395005180176e-05,4.000136499284361
3570,1.3708176747412152e-05,4.000136124645209
3580,1.3682560785650193e-05,4.000135752050546
3590,1.3657101190117286e-05,4.0001353814836635
3600,1.3631796991617918e-05,4.0001350129280375
3610,1.360664722800673e-05,4.000134646367319
3620,1.358165094415143e-05,4.000134281785339
3630,1.3556807191700469e-05,4.000133919166099
3640,1.3532115029063162e-05,4.0001335584937765
3650,1.3507573521241701e-05,4.000133199752713
3660,1.3483181739739532e-05,4.000132842927424
3670,1.3458938762463787e-05,4.000132488002584
3680,1.3434843673577327e-05,4.000132134963033
3690,1.3410895563450672e-05,4.00013178379377
3700,1.3387093528520688e-05,4.000131434479956
3710,1.3363436671219018e-05,4.000131087006905
3720,1.3339924099831521e-05,4.000130741360086
3730,1.3316554928457269e-05,4.00013039752512
3740,1.3293328276902587e-05,4.000130055487779
3750,1.3270243270547402e-05,4.000129715233984
3760,1.3247299040341823e-05,4.000129376749803
3770,1.322449472261619e-05,4.000129040021442
3780,1.3201829459084252e-05,4.000128705035259
3790,1.3179302396723734e-05,4.000128371777747
3800,1.3156912687714854e-05,4.00012804023554
3810,1.3134659489320377e-05,4.000127710395407
3820,1.3112541963858612e-05,4.000127382244256
3830,1.3090559278618555e-05,4.0001270557691235
3840,1.306871060576732e-05,4.000126730957183
3850,1.3046995122275383e-05,4.000126407795734
3860,1.3025412009909828e-05,4.000126086272208
3870,1.3003960455085126e-05,4.000125766374163
3880,1.2982639648850045e-05,4.000125448089281
3890,1.296144878680984e-05,4.000125131405366
3900,1.2940387069063968e-05,4.00012481631035
3910,1.2919453700134033e-05,4.00012450279228
3920,1.2898647888952276e-05,4.000124190839325
3930,1.2877968848714899e-05,4.000123880439769
3940,1.285741579693266e-05,4.000123571582018
3950,1.2836987955303e-05,4.000123264254586
3960,1.2816684549682297e-05,4.000122958446103
3970,1.2796504810022632e-05,4.000122654145312
3980,1.2776447970340362e-05,4.000122351341067
3990,1.2756513268671424e-05,4.000122050022326
4000,1.2736699946961554e-05,4.000121750178163
4010,1.2717007251140303e-05,4.000121451797752
4020,1.2697434430942455e-05,4.000121154870375
4030,1.2677980739956534e-05,4.000120859385417
4040,1.2658645435563707e-05,4.000120565332365
4050,1.2639427778855225e-05,4.00012027270081
4060,1.2620327034646403e-05,4.000119981480441
4070,1.2601342471401823e-05,4.0001196916610455
4080,1.2582473361217503e-05,4.000119403232512
4090,1.2563718979781742e-05,4.0001191161848215
4100,1.2545078606329117e-05,4.000118830508052
4110,1.2526551523578631e-05,4.000118546192378
4120,1.2508137017800713e-05,4.000118263228064
4130,1.248983437867366e-05,4.000117981605467
4140,1.2471642899280661e-05,4.0001177013150375
4150,1.2453561876126876e-05,4.000117422347314
4160,1.2435590609056487e-05,4.000117144692922
4170,1.24177284012503e-05,4.000116868342578
4180,1.2399974559192158e-05,4.000116593287085
4190,1.2382328392621543e-05,4.0001163195173275
4200,1.236478921456628e-05,4.000116047024281
4210,1.234735634121145e-05,4.000115775799001
4220,1.2330029092015818e-05,4.000115505832625
4230,1.2312806789520293e-05,4.000115237116373
4240,1.2295688759517344e-05,4.000114969641548
4250,1.227867433084502e-05,4.000114703399531
4260,1.2261762835482573e-05,4.0001144383817815
4270,1.224495360848195e-05,4.000114174579838
4280,1.222824598796671e-05,4.000113911985315
4290,1.2211639315094911e-05,4.000113650589904
4300,1.2195132934042847e-05,4.000113390385374
4310,1.2178726192012574e-05,4.000113131363566
4320,1.216241843916867e-05,4.000112873516393
4330,1.2146209028643006e-05,4.000112616835844
4340,1.213009731654542e-05,4.00011236131398
4350,1.2114082661910285e-05,4.00011210694293
4360,1.2098164426674953e-05,4.000111853714898
4370,1.2082341975713058e-05,4.000111601622153
4380,1.2066614676736584e-05,4.000111350657036
4390,1.2050981900382203e-05,4.000111100811955
4400,1.2035443020127176e-05,4.000110852079384
4410,1.2019997412290668e-05,4.000110604451863
4420,1.2004644456031909e-05,4.000110357922004
4430,1.198938353333926e-05,4.000110112482476
4440,1.197421402899279e-05,4.0001098681260165
4450,1.195913533058681e-05,4.000109624845426
4460,1.1944146828477847e-05,4.000109382633568
4470,1.192924791582799e-05,4.000109141483366
4480,1.1914437988546117e-05,4.000108901387808
4490,1.1899716445289782e-05,4.000108662339942
4500,1.1885082687472887e-05,4.000108424332875
4510,1.187053611922989e-05,4.000108187359773
4520,1.185607614743042e-05,4.000107951413866
4530,1.1841702181655807e-05,4.0001077164884355
4540,1.182741363419353e-05,4.000107482576825
4550,1.1813209920014919e-05,4.00010724967243
4560,1.17990904568182e-05,4.000107017768709
4570,1.1785054664941778e-05,4.000106786859172
4580,1.1771101967415188e-05,4.000106556937385
4590,1.1757231789943431e-05,4.000106327996967
4600,1.1743443560861624e-05,4.000106100031594
4610,1.1729736711194852e-05,4.000105873034994
4620,1.1716110674571042e-05,4.000105647000946
4630,1.1702564887309127e-05,4.000105421923285
4640,1.1689098788311823e-05,4.000105197795894
4650,1.1675711819104007e-05,4.0001049746127055
4660,1.1662403423889965e-05,4.000104752367713
4670,1.164917304940807e-05,4.000104531054947
4680,1.1636020145058166e-05,4.000104310668494
4690,1.1622944162837053e-05,4.00010409120249
4700,1.160994455729398e-05,4.000103872651117
4710,1.1597020785631455e-05,4.000103655008605
4720,1.1584172307590122e-05,4.000103438269235
4730,1.1571398585496268e-05,4.000103222427332
4740,1.1558699084287824e-05,4.000103007477267
4750,1.1546073271420534e-05,4.000102793413458
4760,1.1533520616959399e-05,4.000102580230368
4770,1.1521040593490316e-05,4.000102367922505
4780,1.1508632676196986e-05,4.000102156484425
4790,1.1496296342777465e-05,4.000101945910721
4800,1.1484031073496316e-05,4.000101736196038
4810,1.1471836351150679e-05,4.000101527335058
4820,1.1459711661082044e-05,4.000101319322505
4830,1.1447656491161636e-05,4.000101112153154
4840,1.1435670331793994e-05,4.000100905821811
4850,1.1423752675897914e-05,4.000100700323331
4860,1.1411903018929531e-05,4.000100495652605
4870,1.1400120858838732e-05,4.00010029180457
4880,1.138840569612012e-05,4.000100088774197
4890,1.1376757033723016e-05,4.0000998865565025
4900,1.1365174377170119e-05,4.000099685146538
4910,1.1353657234428062e-05,4.000099484539401
4920,1.1342205115992302e-05,4.000099284730216
4930,1.1330817534825925e-05,4.000099085714157
4940,1.1319494006391405e-05,4.000098887486428
4950,1.1308234048651935e-05,4.000098690042276
4960,1.1297037182019721e-05,4.000098493376981
4970,1.1285902929398436e-05,4.000098297485861
4980,1.1274830816156807e-05,4.000098102364274
4990,1.1263820370150074e-05,4.000097908007607
5000,1.125287112168444e-05,4.0000977144112895
5010,1.1241982603507572e-05,4.000097521570782
5020,1.1231154350863072e-05,4.00009732948158
5030,1.12203859014057e-05,4.000097138139215
5040,1.1209676795270487e-05,4.000096947539255
5050,1.1199026575006112e-05,4.000096757677297
5060,1.1188434785624904e-05,4.000096568548973
5070,1.1177900974564308e-05,4.000096380149952
5080,1.1167424691691025e-05,4.000096192475932
5090,1.1157005489292877e-05,4.0000960055226455
5100,1.1146642922094662e-05,4.000095819285856
5110,1.1136336547228918e-05,4.000095633761358
5120,1.1126085924250332e-05,4.0000954489449825
5130,1.1115890615098905e-05,4.000095264832587
5140,1.110575018414161e-05,4.000095081420062
5150,1.1095664198145937e-05,4.000094898703328
5160,1.1085632226264813e-05,4.000094716678336
5170,1.1075653840042733e-05,4.000094535341069
5180,1.1065728613434008e-05,4.000094354687539
5190,1.105585612270872e-05,4.000094174713786
5200,1.1046035946601116e-05,4.000093995415881
5210,1.1036267666154672e-05,4.000093816789923
5220,1.1026550864803236e-05,4.000093638832043
5230,1.1016885128334262e-05,4.000093461538394
5240,1.100727004490451e-05,4.000093284905163
5250,1.0997705205010833e-05,4.000093108928564
5260,1.0988190201509999e-05,4.000092933604837
5270,1.0978724629583412e-05,4.00009275893025
5280,1.0969308086748226e-05,4.0000925849010995
5290,1.0959940172885168e-05,4.000092411513707
5300,1.0950620490163909e-05,4.000092238764423
5310,1.094134864309266e-05,4.000092066649621
5320,1.0932124238486694e-05,4.000091895165705
5330,1.0922946885487475e-05,4.000091724309101
5340,1.0913816195507075e-05,4.000091554076263
5350,1.090473178230011e-05,4.000091384463671
5360,1.0895693261892337e-05,4.00009121546783
5370,1.0886700252574344e-05,4.000091047085266
5380,1.0877752374946791e-05,4.000090879312536
5390,1.0868849251892968e-05,4.000090712146217
5400,1.0859990508535751e-05,4.000090545582912
5410,1.0851175772275122e-05,4.00009037961925
5420,1.0842404672771479e-05,4.0000902142518795
5430,1.0833676841957777e-05,4.000090049477477
5440,1.0824991913957255e-05,4.00008988529274
5450,1.0816349525182776e-05,4.000089721694389
5460,1.0807749314245346e-05,4.0000895586791705
5470,1.0799190922020831e-05,4.000089396243851
5480,1.0790673991566315e-05,4.00008923438522
5490,1.0782198168163797e-05,4.0000890731000895
5500,1.0773763099326904e-05,4.000088912385295
5510,1.076536843471945e-05,4.0000887522376924
5520,1.0757013826250453e-05,4.000088592654161
5530,1.0748698927980439e-05,4.000088433631602
5540,1.0740423396172938e-05,4.000088275166934
5550,1.0732186889242956e-05,4.000088117257103
5560,1.072398906779869e-05,4.000087959899071
5570,1.0715829594577819e-05,4.000087803089823
5580,1.0707708134493481e-05,4.000087646826364
5590,1.06996243545976e-05,4.000087491105724
5600,1.0691577924067636e-05,4.0000873359249445
5610,1.068356851422889e-05,4.000087181281096
5620,1.067559579853915e-05,4.000087027171262
5630,1.066765945252459e-05,4.000086873592552
5640,1.0659759153897e-05,4.000086720542089
5650,1.0651894582403631e-05,4.000086568017021
5660,1.0644065419901206e-05,4.00008641601451
5670,1.0636271350371783e-05,4.000086264531745
5680,1.0628512059828566e-05,4.000086113565925
5690,1.0620787236382678e-05,4.000085963114274
5700,1.0613096570205334e-05,4.000085813174032
5710,1.0605439753531813e-05,4.000085663742456
5720,1.0597816480617598e-05,4.000085514816825
5730,1.0590226447783619e-05,4.000085366394436
5740,1.0582669353396472e-05,4.000085218472601
5750,1.05751448978333e-05,4.0000850710486535
5760,1.0567652783475694e-05,4.000084924119939
5770,1.0560192714740735e-05,4.000084777683828
5780,1.0552764398030455e-05,4.0000846317377015
5790,1.0545367541763597e-05,4.000084486278964
5800,1.0538001856292018e-05,4.0000843413050315
5810,1.05306670540199e-05,4.000084196813342
5820,1.052336284925886e-05,4.000084052801347
5830,1.0516088958340184e-05,4.000083909266516
5840,1.0508845099465676e-05,4.000083766206334
5850,1.050163099288676e-05,4.0000836236183055
5860,1.0494446360709141e-05,4.000083481499947
5870,1.048729092701188e-05,4.000083339848793
5880,1.0480164417773714e-05,4.000083198662395
5890,1.047306656089227e-05,4.00008305793832
5900,1.0465997086189498e-05,4.000082917674151
5910,1.0458955725337592e-05,4.000082777867485
5920,1.0451942211947512e-05,4.000082638515936
5930,1.0444956281473848e-05,4.000082499617132
5940,1.0437997671256388e-05,4.000082361168718
5950,1.0431066120496924e-05,4.000082223168355
5960,1.0424161370243106e-05,4.000082085613715
5970,1.0417283163418662e-05,4.0000819485024905
5980,1.0410431244719381e-05,4.000081811832383
5990,1.0403605360746425e-05,4.000081675601111
6000,1.0396805259875225e-05,4.000081539806408
6010,1.0390030692271414e-05,4.000081404446025
6020,1.0383281409983217e-05,4.00008126951772
6030,1.0376557166753793e-05,4.00008113501927
6040,1.0369857718190426e-05,4.000081000948469
6050,1.0363182821637819e-05,4.000080867303115
6060,1.0356532236229802e-05,4.000080734081031
6070,1.0349905722823854e-05,4.000080601280048
6080,1.0343303044075428e-05,4.000080468898011
6090,1.0336723964343236e-05,4.000080336932779
6100,1.0330168249749393e-05,4.000080205382224
6110,1.0323635668103913e-05,4.000080074244234
6120,1.031712598897495e-05,4.000079943516704
6130,1.0310638983614125e-05,4.000079813197551
6140,1.0304174424969224e-05,4.000079683284698
6150,1.0297732087689681e-05,4.000079553776081
6160,1.0291311748084592e-05,4.000079424669655
6170,1.0284913184174845e-05,4.000079295963382
6180,1.0278536175597304e-05,4.000079167655238
6190,1.027218050367903e-05,4.000079039743209
6200,1.026584595137248e-05,4.000078912225301
6210,1.0259532303288949e-05,4.000078785099523
6220,1.0253239345635804e-05,4.000078658363907
6230,1.024696686626999e-05,4.000078532016484
6240,1.0240714654652597e-05,4.000078406055306
6250,1.0234482501826388e-05,4.000078280478437
6260,1.0228270200454156e-05,4.000078155283949
6270,1.02220775447806e-05,4.000078030469928
6280,1.0215904330589935e-05,4.000077906034471
6290,1.0209750355289035e-05,4.000077781975687
6300,1.0203615417810075e-05,4.000077658291695
6310,1.0197499318629786e-05,4.000077534980629
6320,1.0191401859794806e-05,4.00007741204063
6330,1.0185322844849041e-05,4.000077289469854
6340,1.0179262078876572e-05,4.000077167266464
6350,1.0173219368488366e-05,4.00007704542864
6360,1.0167194521788721e-05,4.000076923954566
6370,1.0161187348378962e-05,4.000076802842442
6380,1.015519765934524e-05,4.000076682090479
6390,1.0149225267261305e-05,4.000076561696894
6400,1.014326998617652e-05,4.000076441659918
6410,1.0137331631581508e-05,4.0000763219777955
6420,1.0131410020460538e-05,4.000076202648774
6430,1.012550497120072e-05,4.00007608367112
6440,1.0119616303650794e-05,4.000075965043102
6450,1.011374383909622e-05,4.000075846763007
6460,1.01078874002095e-05,4.000075728829125
6470,1.010204681109779e-05,4.000075611239762
6480,1.0096221897281538e-05,4.000075493993228
6490,1.0090412485632924e-05,4.000075377087849
6500,1.0084618404477866e-05,4.0000752605219585
6510,1.0078839483460212e-05,4.000075144293897
6520,1.0073075553602976e-05,4.000075028402019
6530,1.0067326447308342e-05,4.0000749128446875
6540,1.0061591998338765e-05,4.000074797620276
6550,1.0055872041755365e-05,4.0000746827271625
6560,1.0050166413994347e-05,4.000074568163742
6570,1.0044474952815586e-05,4.000074453928414
6580,1.0038797497282997e-05,4.000074340019587
6590,1.003313388778407e-05,4.000074226435683
6600,1.00274839660035e-05,4.000074113175131
6610,1.0021847574894238e-05,4.000074000236364
6620,1.0016224558773634e-05,4.000073887617836
6630,1.0010614763127438e-05,4.000073775317997
6640,1.0005018034787178e-05,4.000073663335316
6650,9.999434221822148e-06,4.000073551668265
6660,9.993863173567456e-06,4.000073440315328
6670,9.98830474057065e-06,4.000073329274994
6680,9.98275877466523e-06,4.000073218545765
6690,9.977225128870013e-06,4.00007310812615
6700,9.971703657443805e-06,4.000072998014667
6710,9.966194215844203e-06,4.000072888209842
6720,9.960696660757751e-06,4.000072778710208
6730,9.955210850043289e-06,4.00007266951431
6740,9.949736642772328e-06,4.000072560620697
6750,9.944273899181063e-06,4.000072452027931
6760,9.938822480676004e-06,4.00007234373458
6770,9.933382249850204e-06,4.0000722357392196
6780,9.927953070408743e-06,4.000072128040433
6790,9.92253480727382e-06,4.0000720206368126
6800,9.917127326450946e-06,4.000071913526962
6810,9.911730495116224e-06,4.000071806709485
6820,9.90634418154522e-06,4.0000717001830015
6830,9.900968255152532e-06,4.000071593946136
6840,9.895602586447762e-06,4.000071487997515
6850,9.890247047061075e-06,4.000071382335786
6860,9.884901509717028e-06,4.000071276959591
6870,9.879565848215343e-06,4.000071171867589
6880,9.874239937443705e-06,4.000071067058441
6890,9.868923653364889e-06,4.000070962530817
6900,9.86361687302844e-06,4.000070858283394
6910,9.858319474475076e-06,4.0000707543148595
6920,9.853031336889296e-06,4.000070650623905
6930,9.84775234043549e-06,4.000070547209231
6940,9.842482366328033e-06,4.000070444069545
6950,9.837221296830538e-06,4.000070341203562
6960,9.831969015205444e-06,4.000070238610004
6970,9.826725405753886e-06,4.000070136287597
6980,9.821490353747093e-06,4.0000700342350815
6990,9.816263745493318e-06,4.0000699324512
7000,9.811045468285176e-06,4.0000698309347
7010,9.805835410404132e-06,4.000069729684341
7020,9.800633461097502e-06,4.000069628698888
7030,9.79543951059878e-06,4.000069527977112
7040,9.790253450092215e-06,4.000069427517786
7050,9.785075171747945e-06,4.000069327319703
7060,9.779904568653033e-06,4.000069227381648
7070,9.77474153486672e-06,4.000069127702421
7080,9.769585965375857e-06,4.000069028280829
7090,9.764437756119016e-06,4.000068929115682
7100,9.759296803905508e-06,4.000068830205797
7110,9.754163006522856e-06,4.000068731550001
7120,9.749036262643344e-06,4.000068633147124
7130,9.743916471829058e-06,4.000068534996003
7140,9.738803534588704e-06,4.000068437095483
7150,9.733697352246156e-06,4.0000683394444145
7160,9.728597827085855e-06,4.000068242041654
7170,9.723504862220843e-06,4.000068144886063
7180,9.718418361668743e-06,4.000068047976514
7190,9.713338230277394e-06,4.000067951311881
7200,9.708264373808023e-06,4.0000678548910455
7210,9.703196698804006e-06,4.000067758712896
7220,9.698135112701767e-06,4.000067662776324
7230,9.693079523795626e-06,4.000067567080233
7240,9.688029841140516e-06,4.000067471623529
7250,9.682985974681396e-06,4.000067376405122
7260,9.677947835169978e-06,4.000067281423929
7270,9.672915334166288e-06,4.000067186678877
7280,9.667888384061813e-06,4.000067092168894
7290,9.662866898002491e-06,4.000066997892916
7300,9.657850789981066e-06,4.000066903849886
7310,9.652839974745041e-06,4.000066810038748
7320,9.647834367856654e-06,4.000066716458458
7330,9.64283388564443e-06,4.000066623107973
7340,9.637838445186612e-06,4.000066529986257
7350,9.632847964373582e-06,4.000066437092281
7360,9.627862361824617e-06,4.0000663444250195
7370,9.622881556927011e-06,4.000066251983454
7380,9.617905469799633e-06,4.000066159766572
7390,9.612934021341761e-06,4.000066067773364
7400,9.607967133168997e-06,4.000065976002829
7410,9.603004727594482e-06,4.000065884453968
7420,9.598046727745868e-06,4.000065793125792
7430,9.593093057392934e-06,4.000065702017312
7440,9.588143641039678e-06,4.000065611127549
7450,9.583198403924818e-06,4.000065520455528
7460,9.578257271969713e-06,4.000065430000276
7470,9.573320171810574e-06,4.000065339760828
7480,9.568387030746304e-06,4.000065249736227
7490,9.563457776826369e-06,4.000065159925514
7500,9.558532338701856e-06,4.000065070327743
7510,9.553610645764282e-06,4.000064980941968
7520,9.548692628051925e-06,4.000064891767249
7530,9.543778216275284e-06,4.000064802802654
7540,9.538867341812935e-06,4.000064714047249
7550,9.53395993669793e-06,4.000064625500113
7560,9.52905593359547e-06,4.000064537160324
7570,9.524155265855856e-06,4.000064449026971
7580,9.519257867424841e-06,4.000064361099142
7590,9.51436367293463e-06,4.000064273375931
7600,9.509472617600095e-06,4.0000641858564405
7610,9.504584637296348e-06,4.000064098539774
7620,9.499699668512555e-06,4.000064011425041
7630,9.494817648338179e-06,4.000063924511357
7640,9.489938514502111e-06,4.00006383779784
7650,9.485062205320027e-06,4.000063751283612
7660,9.480188659701494e-06,4.000063664967805
7670,9.475317817205975e-06,4.00006357884955
7680,9.470449617911667e-06,4.0000634929279855
7690,9.465584002532982e-06,4.000063407202251
7700,9.460720912346235e-06,4.000063321671498
7710,9.455860289225813e-06,4.000063236334876
7720,9.45100207559283e-06,4.000063151191539
7730,9.446146214479163e-06,4.000063066240649
7740,9.441292649435294e-06,4.000062981481371
7750,9.43644132458589e-06,4.000062896912873
7760,9.431592184635108e-06,4.0000628125343285
7770,9.426745174813364e-06,4.000062728344918
7780,9.421900240919444e-06,4.000062644343821
7790,9.417057329251125e-06,4.0000625605302265
7800,9.412216386694493e-06,4.000062476903324
7810,9.407377360654989e-06,4.000062393462309
7820,9.402540199043969e-06,4.000062310206382
7830,9.397704850323663e-06,4.000062227134745
7840,9.392871263456895e-06,4.000062144246606
7850,9.388039387960623e-06,4.000062061541179
7860,9.383209173808242e-06,4.00006197901768
7870,9.37838057153856e-06,4.000061896675327
7880,9.373553532154728e-06,4.000061814513348
7890,9.368728007162847e-06,4.000061732530969
7900,9.363903948584883e-06,4.000061650727424
7910,9.35908130892871e-06,4.000061569101947
7920,9.354260041182242e-06,4.000061487653783
7930,9.349440098817264e-06,4.000061406382175
7940,9.344621435796428e-06,4.00006132528637
7950,9.339804006546803e-06,4.0000612443656225
7960,9.334987765986111e-06,4.00006116361919
7970,9.330172669468856e-06,4.00006108304633
7980,9.325358672846613e-06,4.0000610026463095
7990,9.32054573239963e-06,4.0000609224183945
8000,9.3157338048935e-06,4.000060842361859
8010,9.310922847540784e-06,4.000060762475978
8020,9.306112817987285e-06,4.00006068276003
8030,9.301303674356116e-06,4.000060603213302
8040,9.296495375162035e-06,4.000060523835077
8050,9.291687879425585e-06,4.000060444624649
8060,9.286881146524617e-06,4.0000603655813105
8070,9.282075136333477e-06,4.000060286704361
8080,9.27726980913665e-06,4.000060207993103
8090,9.272465125621941e-06,4.000060129446841
8100,9.267661046908306e-06,4.000060051064885
8110,9.262857534547068e-06,4.000059972846547
8120,9.25805455048514e-06,4.0000598947911445
8130,9.253252057081591e-06,4.0000598168979975
8140,9.248450017122154e-06,4.000059739166428
8150,9.243648393755819e-06,4.000059661595765
8160,9.238847150569243e-06,4.0000595841853395
8170,9.23404625154683e-06,4.000059506934484
8180,9.229245661031523e-06,4.000059429842536
8190,9.224445343798114e-06,4.000059352908838
8200,9.219645264963543e-06,4.000059276132734
8210,9.214845390075354e-06,4.000059199513571
8220,9.210045685025746e-06,4.000059123050701
8230,9.205246116114782e-06,4.00005904674348
8240,9.200446649985081e-06,4.0000589705912635
8250,9.19564725367024e-06,4.000058894593414
8260,9.190847894569885e-06,4.000058818749297
8270,9.186048540432805e-06,4.00005874305828
8280,9.181249159403137e-06,4.000058667519733
8290,9.176449719946177e-06,4.000058592133032
8300,9.171650190921891e-06,4.000058516897554
8310,9.166850541498932e-06,4.000058441812682
8320,9.16205074124582e-06,4.000058366877797
8330,9.157250760031353e-06,4.00005829209229
8340,9.152450568073977e-06,4.000058217455548
8350,9.14765013598487e-06,4.000058142966966
8360,9.142849434653795e-06,4.000058068625946
8370,9.138048435330585e-06,4.000057994431879
8380,9.133247109615641e-06,4.000057920384174
8390,9.128445429399882e-06,4.000057846482238
8400,9.123643366915113e-06,4.000057772725476
8410,9.11884089473685e-06,4.000057699113303
8420,9.114037985760021e-06,4.000057625645136
8430,9.109234613179179e-06,4.00005755232039
8440,9.10443075050925e-06,4.000057479138489
8450,9.099626371570094e-06,4.000057406098858
8460,9.094821450536754e-06,4.000057333200922
8470,9.090015961851713e-06,4.000057260444113
8480,9.085209880254386e-06,4.0000571878278635
8490,9.080403180825205e-06,4.000057115351612
8500,9.075595838936867e-06,4.000057043014795
8510,9.070787830220821e-06,4.000056970816856
8520,9.065979130654512e-06,4.00005689875724
8530,9.061169716489092e-06,4.000056826835394
8540,9.056359564239929e-06,4.00005675505077
8550,9.051548650768806e-06,4.000056683402822
8560,9.046736953168193e-06,4.000056611891004
8570,9.041924448839707e-06,4.0000565405147785
8580,9.037111115463398e-06,4.000056469273605
8590,9.032296931001401e-06,4.000056398166948
8600,9.027481873672007e-06,4.000056327194278
8610,9.022665921984604e-06,4.000056256355061
8620,9.017849054727101e-06,4.0000561856487735
8630,9.013031250945701e-06,4.00005611507489
8640,9.008212489947525e-06,4.00005604463289
8650,9.003392751318814e-06,4.000055974322254
8660,8.998572014908487e-06,4.000055904142464
8670,8.993750260804243e-06,4.0000558340930095
8680,8.988927469351285e-06,4.000055764173378
8690,8.984103621201942e-06,4.000055694383062
8700,8.979278697201984e-06,4.000055624721555
8710,8.974452678485922e-06,4.0000555551883545
8720,8.969625546401388e-06,4.000055485782961
8730,8.964797282593347e-06,4.000055416504876
8740,8.959967868904875e-06,4.0000553473536025
8750,8.955137287470422e-06,4.0000552783286505
8760,8.950305520583991e-06,4.0000552094295285
8770,8.945472550870716e-06,4.00005514065575
8780,8.940638361159449e-06,4.000055072006829
8790,8.935802934470467e-06,4.000055003482281
8800,8.930966254121573e-06,4.000054935081629
8810,8.926128303639203e-06,4.000054866804394
8820,8.921289066754821e-06,4.000054798650101
8830,8.916448527454382e-06,4.000054730618277
8840,8.911606669948468e-06,4.000054662708453
8850,8.90676347864845e-06,4.000054594920159
8860,8.901918938203294e-06,4.00005452725293
8870,8.897073033482536e-06,4.000054459706305
8880,8.8922257495835e-06,4.000054392279821
8890,8.887377071776325e-06,4.000054324973018
8900,8.882526985593383e-06,4.000054257785444
8910,8.877675476763809e-06,4.0000541907166465
8920,8.872822531207747e-06,4.000054123766168
8930,8.867968135078546e-06,4.000054056933564
8940,8.863112274722556e-06,4.000053990218387
8950,8.858254936695913e-06,4.000053923620193
8960,8.853396107773504e-06,4.000053857138538
8970,8.848535774890752e-06,4.000053790772985
8980,8.843673925203188e-06,4.000053724523093
8990,8.838810546106212e-06,4.000053658388431
9000,8.833945625116382e-06,4.0000535923685625
9010,8.829079149990349e-06,4.000053526463059
9020,8.824211108683293e-06,4.00005346067149
9030,8.819341489315768e-06,4.0000533949934285
9040,8.814470280205524e-06,4.000053329428455
9050,8.809597469887741e-06,4.000053263976141
9060,8.804723047023034e-06,4.000053198636071
9070,8.799847000510224e-06,4.0000531334078255
9080,8.79496931942451e-06,4.000053068290988
9090,8.790089992988017e-06,4.0000530032851485
9100,8.785209010672495e-06,4.000052938389893
9110,8.780326362028608e-06,4.000052873604814
9120,8.775442036887549e-06,4.000052808929502
9130,8.770556025164932e-06,4.000052744363554
9140,8.765668317004217e-06,4.000052679906566
9150,8.760778902736404e-06,4.000052615558139
9160,8.75588777282827e-06,4.0000525513178715
9170,8.750994917896447e-06,4.000052487185369
9180,8.746100328778655e-06,4.000052423160234
9190,8.741203996450313e-06,4.000052359242078
9200,8.736305912059535e-06,4.000052295430507
9210,8.731406066916212e-06,4.000052231725134
9220,8.726504452500643e-06,4.0000521681255705
9230,8.721601060430394e-06,4.000052104631434
9240,8.71669588248828e-06,4.000052041242341
9250,8.711788910676142e-06,4.000051977957912
9260,8.706880137054063e-06,4.000051914777766
9270,8.701969553916607e-06,4.000051851701526
9280,8.697057153641845e-06,4.000051788728818
9290,8.692142928860512e-06,4.000051725859271
9300,8.687226872248625e-06,4.000051663092512
9310,8.682308976701803e-06,4.00005160042817
9320,8.677389235230757e-06,4.000051537865882
9330,8.672467641028172e-06,4.000051475405279
9340,8.667544187390522e-06,4.000051413045999
9350,8.66261886779533e-06,4.000051350787681
9360,8.65769167583764e-06,4.000051288629963
9370,8.652762605286672e-06,4.000051226572491
9380,8.647831650009986e-06,4.000051164614905
9390,8.642898804065349e-06,4.000051102756852
9400,8.637964061603735e-06,4.00005104099798
9410,8.633027416950285e-06,4.000050979337937
9420,8.62808886454565e-06,4.0000509177763774
9430,8.62314839897137e-06,4.000050856312951
9440,8.618206014948573e-06,4.000050794947314
9450,8.613261707317208e-06,4.000050733679122
9460,8.608315471065008e-06,4.000050672508034
9470,8.603367301332673e-06,4.00005061143371
9480,8.598417193331218e-06,4.000050550455812
9490,8.593465142440712e-06,4.000050489574002
9500,8.588511144156955e-06,4.000050428787947
9510,8.583555194138605e-06,4.000050368097313
9520,8.5785972881057e-06,4.00005030750177
9530,8.573637421926113e-06,4.000050247000986
9540,8.568675591649384e-06,4.000050186594634
9550,8.563711793370926e-06,4.000050126282389
9560,8.558746023342597e-06,4.000050066063926
9570,8.553778277914426e-06,4.00005000593892
9580,8.548808553572496e-06,4.000049945907051
9590,8.543836846946414e-06,4.000049885968002
9600,8.538863154732463e-06,4.000049826121451
9610,8.533887473782472e-06,4.000049766367083
9620,8.528909801035697e-06,4.000049706704585
9630,8.523930133562796e-06,4.0000496471336415
9640,8.518948468548112e-06,4.000049587653943
9650,8.513964803288762e-06,4.000049528265177
9660,8.508979135172952e-06,4.000049468967037
9670,8.503991461721607e-06,4.000049409759217
9680,8.49900178056458e-06,4.000049350641411
9690,8.494010089436163e-06,4.000049291613315
9700,8.489016386152946e-06,4.000049232674626
9710,8.484020668692554e-06,4.000049173825046
9720,8.479022935092213e-06,4.000049115064274
9730,8.474023183510925e-06,4.0000490563920135
9740,8.469021412211849e-06,4.000048997807968
9750,8.464017619554034e-06,4.000048939311844
9760,8.459011803997988e-06,4.000048880903348
9770,8.454003964142947e-06,4.0000488225821895
9780,8.448994098623455e-06,4.000048764348078
9790,8.443982206208573e-06,4.000048706200724
9800,8.438968285797535e-06,4.000048648139844
9810,8.4339523363308e-06,4.000048590165148
9820,8.428934356877052e-06,4.000048532276355
9830,8.423914346592096e-06,4.000048474473181
9840,8.418892304720978e-06,4.000048416755347
9850,8.413868230626546e-06,4.000048359122572
9860,8.408842123747514e-06,4.0000483015745765
9870,8.403813983630396e-06,4.0000482441110865
9880,8.398783809867398e-06,4.000048186731825
9890,8.39375160221204e-06,4.000048129436518
9900,8.388717360458897e-06,4.000048072224894
9910,8.383681084513209e-06,4.000048015096681
9920,8.37864277436482e-06,4.000047958051608
9930,8.373602430077094e-06,4.00004790108941
9940,8.36856005184033e-06,4.000047844209817
9950,8.36351563987386e-06,4.000047787412565
9960,8.358469194540213e-06,4.00004773069739
9970,8.353420716241336e-06,4.000047674064027
9980,8.348370205494698e-06,4.000047617512218
9990,8.343317662898913e-06,4.000047561041698
10000,8.338263089117336e-06,4.000047504652212
10010,8.333206484918881e-06,4.000047448343501
10020,8.328147851127777e-06,4.000047392115309
10030,8.323087188673805e-06,4.000047335967381
10040,8.31802449854913e-06,4.000047279899464
10050,8.312959781835865e-06,4.000047223911306
10060,8.307893039699523e-06,4.000047168002654
10070,8.302824273363453e-06,4.0000471121732595
10080,8.297753484141085e-06,4.000047056422874
10090,8.292680673440106e-06,4.000047000751249
10100,8.287605842729434e-06,4.000046945158142
10110,8.282528993523037e-06,4.000046889643307
10120,8.277450127465441e-06,4.000046834206498
10130,8.272369246233844e-06,4.0000467788474765
10140,8.267286351604748e-06,4.000046723565997
10150,8.262201445420298e-06,4.000046668361825
10160,8.25711452957945e-06,4.000046613234719
10170,8.252025606084864e-06,4.000046558184443
10180,8.246934676954971e-06,4.0000465032107595
10190,8.241841744357421e-06,4.0000464483134355
10200,8.236746810453199e-06,4.000046393492236
10210,8.231649877523923e-06,4.00004633874693
10220,8.226550947909396e-06,4.000046284077285
10230,8.221450023993988e-06,4.000046229483073
10240,8.21634710822986e-06,4.000046174964061
10250,8.211242203202748e-06,4.000046120520025
10260,8.206135311477682e-06,4.000046066150738
10270,8.201026435722257e-06,4.000046011855975
10280,8.195915578711155e-06,4.0000459576355105
10290,8.190802743180313e-06,4.000045903489121
10300,8.18568793202046e-06,4.000045849416586
10310,8.18057114816739e-06,4.000045795417685
10320,8.175452394591791e-06,4.000045741492196
10330,8.17033167435576e-06,4.000045687639903
10340,8.165208990559475e-06,4.000045633860588
10350,8.16008434638704e-06,4.000045580154033
10360,8.154957745083596e-06,4.000045526520027
10370,8.14982918993431e-06,4.000045472958352
10380,8.144698684281993e-06,4.000045419468796
10390,8.139566231547426e-06,4.000045366051146
10400,8.13443183520522e-06,4.000045312705193
10410,8.129295498801575e-06,4.00004525943073
10420,8.124157225903072e-06,4.000045206227543
10430,8.119017020161425e-06,4.000045153095425
10440,8.113874885281534e-06,4.000045100034173
10450,8.108730825032223e-06,4.000045047043579
10460,8.103584843218552e-06,4.00004499412344
10470,8.098436943699834e-06,4.000044941273551
10480,8.093287130410287e-06,4.00004488849371
10490,8.088135407347725e-06,4.000044835783718
10500,8.082981778514972e-06,4.0000447831433705
10510,8.077826248008738e-06,4.000044730572473
10520,8.072668819974208e-06,4.000044678070824
10530,8.067509498580283e-06,4.000044625638227
10540,8.062348288111784e-06,4.0000445732744865
10550,8.057185192827288e-06,4.000044520979408
10560,8.052020217078178e-06,4.000044468752795
10570,8.046853365271124e-06,4.000044416594455
10580,8.041684641841978e-06,4.0000443645041965
10590,8.036514051291821e-06,4.000044312481829
10600,8.031341598171297e-06,4.000044260527161
10610,8.026167287063992e-06,4.000044208640002
10620,8.020991122618721e-06,4.0000441568201675
10630,8.015813109509653e-06,4.000044105067466
10640,8.010633252499842e-06,4.000044053381712
10650,8.005451556354202e-06,4.000044001762725
10660,8.000268025914025e-06,4.000043950210313
10670,7.995082666043651e-06,4.0000438987242966
10680,7.989895481683763e-06,4.000043847304491
10690,7.984706477785664e-06,4.0000437959507185
10700,7.979515659376684e-06,4.000043744662794
10710,7.974323031518517e-06,4.00004369344054
10720,7.969128599282342e-06,4.000043642283778
10730,7.963932367853501e-06,4.000043591192328
10740,7.95873434239592e-06,4.000043540166014
10750,7.953534528153261e-06,4.00004348920466
10760,7.94833293040445e-06,4.00004343830809
10770,7.943129554450968e-06,4.00004338747613
10780,7.937924405655384e-06,4.000043336708606
10790,7.932717489434647e-06,4.000043286005346
10800,7.927508811202398e-06,4.000043235366178
10810,7.922298376459041e-06,4.000043184790931
10820,7.917086190734377e-06,4.000043134279435
10830,7.911872259564954e-06,4.00004308383152
10840,7.90665658858578e-06,4.000043033447021
10850,7.901439183412156e-06,4.000042983125767
10860,7.8962200497385e-06,4.000042932867593
10870,7.890999193265416e-06,4.000042882672332
10880,7.8857766197778e-06,4.00004283253982
10890,7.880552335045626e-06,4.000042782469895
10900,7.875326344905826e-06,4.000042732462388
10910,7.870098655237816e-06,4.000042682517144
10920,7.864869271937715e-06,4.0000426326339955
10930,7.859638200959352e-06,4.000042582812785
10940,7.854405448258319e-06,4.000042533053352
10950,7.849171019860271e-06,4.000042483355537
10960,7.843934921828986e-06,4.000042433719181
10970,7.838697160230407e-06,4.000042384144127
10980,7.833457741203078e-06,4.000042334630218
10990,7.828216670866153e-06,4.0000422851773
11000,7.822973955445328e-06,4.000042235785216
11010,7.817729601142212e-06,4.000042186453813
11020,7.81248361421504e-06,4.000042137182936
11030,7.807236000946575e-06,4.000042087972432
11040,7.801986767656711e-06,4.0000420388221505
11050,7.796735920723918e-06,4.0000419897319395
11060,7.791483466509945e-06,4.0000419407016485
11070,7.786229411418124e-06,4.000041891731128
11080,7.780973761931523e-06,4.00004184282023
11090,7.77571652452098e-06,4.000041793968803
11100,7.77045770569081e-06,4.000041745176706
11110,7.765197311973722e-06,4.000041696443784
11120,7.759935349966328e-06,4.000041647769898
11130,7.754671826244043e-06,4.000041599154898
11140,7.74940674746799e-06,4.000041550598644
11150,7.7441401202695e-06,4.000041502100989
11160,7.738871951367347e-06,4.000041453661791
11170,7.733602247455878e-06,4.000041405280907
11180,7.72833101530509e-06,4.000041356958197
11190,7.723058261671506e-06,4.000041308693518
11200,7.71778399337986e-06,4.000041260486733
11210,7.712508217249244e-06,4.0000412123377
11220,7.70723094013947e-06,4.00004116424628
11230,7.701952168938084e-06,4.000041116212337
11240,7.69667191057888e-06,4.000041068235731
11250,7.691390171985622e-06,4.000041020316329
11260,7.68610696011603e-06,4.000040972453992
11270,7.680822281985686e-06,4.000040924648585
11280,7.6755361445907e-06,4.000040876899975
11290,7.670248554996342e-06,4.000040829208026
11300,7.664959520270982e-06,4.000040781572607
11310,7.65966904750493e-06,4.000040733993584
11320,7.654377143820905e-06,4.000040686470827
11330,7.649083816342565e-06,4.000040639004203
11340,7.643789072276916e-06,4.0000405915935815
11350,7.63849291878892e-06,4.000040544238832
11360,7.633195363109345e-06,4.0000404969398256
11370,7.627896412486835e-06,4.000040449696435
11380,7.622596074149631e-06,4.000040402508533
11390,7.617294355431999e-06,4.0000403553759885
11400,7.611991263612568e-06,4.0000403082986775
11410,7.606686806038612e-06,4.0000402612764745
11420,7.601380990054633e-06,4.0000402143092515
11430,7.596073823039608e-06,4.000040167396887
11440,7.590765312407723e-06,4.000040120539253
11450,7.585455465554109e-06,4.000040073736229
11460,7.580144289945302e-06,4.0000400269876915
11470,7.574831793026301e-06,4.000039980293518
11480,7.569517982300463e-06,4.000039933653584
11490,7.564202865256081e-06,4.000039887067775
11500,7.558886449427411e-06,4.000039840535964
11510,7.553568742352197e-06,4.000039794058035
11520,7.548249751605703e-06,4.000039747633866
11530,7.5429294847600715e-06,4.000039701263341
11540,7.537607949444417e-06,4.00003965494634
11550,7.5322851532685955e-06,4.000039608682746
11560,7.52696110387843e-06,4.000039562472443
11570,7.521635808935947e-06,4.000039516315314
11580,7.516309276124093e-06,4.0000394702112425
11590,7.510981513135554e-06,4.000039424160114
11600,7.505652527692304e-06,4.000039378161814
11610,7.50032232753934e-06,4.000039332216228
11620,7.494990920428568e-06,4.000039286323243
11630,7.48965831411322e-06,4.000039240482746
11640,7.4843245164227025e-06,4.000039194694625
11650,7.478989535122262e-06,4.000039148958767
11660,7.473653378044209e-06,4.000039103275062
11670,7.468316053057591e-06,4.0000390576433995
11680,7.46297756797461e-06,4.000039012063667
11690,7.457637930724575e-06,4.000038966535759
11700,7.452297149148838e-06,4.000038921059563
11710,7.446955231171818e-06,4.000038875634972
11720,7.44161218472188e-06,4.000038830261877
11730,7.436268017723729e-06,4.000038784940173
11740,7.430922738148553e-06,4.00003873966975
11750,7.425576353943183e-06,4.000038694450503
11760,7.420228873116502e-06,4.0000386492823266
11770,7.41488030363991e-06,4.000038604165115
11780,7.409530653533869e-06,4.000038559098765
11790,7.404179930814665e-06,4.000038514083167
11800,7.398828143562868e-06,4.000038469118224
11810,7.393475299812245e-06,4.00003842420383
11820,7.38812140761734e-06,4.0000383793398795
11830,7.382766475080923e-06,4.000038334526275
11840,7.377410510292023e-06,4.000038289762912
11850,7.372053521376672e-06,4.00003824504969
11860,7.366695516424318e-06,4.000038200386507
11870,7.3613365036183765e-06,4.0000381557732645
11880,7.355976491061861e-06,4.000038111209862
11890,7.3506154869507784e-06,4.0000380666962005
11900,7.3452534994508415e-06,4.000038022232181
11910,7.33989053673409e-06,4.000037977817706
11920,7.334526607014846e-06,4.000037933452674
11930,7.329161718518765e-06,4.000037889136992
11940,7.323795879440419e-06,4.000037844870562
11950,7.318429098031791e-06,4.000037800653288
11960,7.313061382524949e-06,4.000037756485073
11970,7.307692741186947e-06,4.0000377123658195
11980,7.302323182307111e-06,4.0000376682954375
11990,7.296952714130506e-06,4.00003762427383
12000,7.291581344950944e-06,4.0000375803009005
12010,7.286209083108131e-06,4.00003753637656
12020,7.280835936854468e-06,4.000037492500712
12030,7.275461914574709e-06,4.000037448673265
12040,7.270087024548721e-06,4.000037404894127
12050,7.2647112751525434e-06,4.000037361163205
12060,7.259334674721785e-06,4.000037317480409
12070,7.2539572316140064e-06,4.000037273845648
12080,7.2485789542223276e-06,4.00003723025883
12090,7.243199850905019e-06,4.000037186719866
12100,7.2378199300619914e-06,4.000037143228666
12110,7.2324392000923565e-06,4.000037099785143
12120,7.227057669412936e-06,4.000037056389206
12130,7.221675346404483e-06,4.0000370130407665
12140,7.216292239540456e-06,4.000036969739737
12150,7.2109083572121246e-06,4.00003692648603
12160,7.205523707890703e-06,4.00003688327956
12170,7.200138300003334e-06,4.00003684012024
12180,7.19475214204114e-06,4.000036797007982
12190,7.189365242436374e-06,4.000036753942701
12200,7.183977609674122e-06,4.000036710924311
12210,7.178589252254693e-06,4.000036667952729
12220,7.173200178623151e-06,4.000036625027869
12230,7.16781039729368e-06,4.000036582149647
12240,7.162419916799655e-06,4.000036539317979
12250,7.157028745620126e-06,4.000036496532783
12260,7.151636892282311e-06,4.000036453793973
12270,7.146244365286349e-06,4.000036411101471
12280,7.140851173205253e-06,4.0000363684551905
12290,7.135457324533467e-06,4.000036325855051
12300,7.130062827845253e-06,4.0000362833009735
12310,7.1246676916666034e-06,4.000036240792874
12320,7.119271924564507e-06,4.0000361983306725
12330,7.113875535092859e-06,4.00003615591429
12340,7.108478531834163e-06,4.000036113543646
12350,7.103080923331399e-06,4.00003607121866
12360,7.097682718193535e-06,4.000036028939255
12370,7.09228392498566e-06,4.00003598670535
12380,7.086884552282505e-06,4.000035944516869
12390,7.081484608708308e-06,4.000035902373731
12400,7.076084102843558e-06,4.000035860275862
12410,7.070683043284263e-06,4.00003581822318
12420,7.065281438651537e-06,4.000035776215613
12430,7.059879297566738e-06,4.000035734253082
12440,7.054476628603101e-06,4.000035692335511
12450,7.049073440433206e-06,4.000035650462825
12460,7.043669741654439e-06,4.000035608634948
12470,7.038265540883322e-06,4.000035566851804
12480,7.032860846788731e-06,4.0000355251133195
12490,7.0274556679867776e-06,4.00003548341942
12500,7.022050013117374e-06,4.000035441770031
12510,7.0166438908177905e-06,4.0000354001650775
12520,7.011237309739483e-06,4.000035358604489
12530,7.005830278544236e-06,4.00003531708819
12540,7.000422805872921e-06,4.000035275616109
12550,6.99501490038481e-06,4.000035234188175
12560,6.989606570740758e-06,4.000035192804312
12570,6.98419782561411e-06,4.000035151464452
12580,6.978788673676989e-06,4.000035110168522
12590,6.973379123550749e-06,4.000035068916451
12600,6.967969183935115e-06,4.0000350277081695
12610,6.96255886352085e-06,4.000034986543605
12620,6.9571481709480305e-06,4.00003494542269
12630,6.9517371149264775e-06,4.000034904345354
12640,6.946325704112557e-06,4.000034863311526
12650,6.940913947203208e-06,4.000034822321137
12660,6.935501852861133e-06,4.00003478137412
12670,6.9300894297764e-06,4.000034740470406
12680,6.924676686644973e-06,4.000034699609926
12690,6.919263632163374e-06,4.000034658792613
12700,6.91385027498191e-06,4.0000346180184
12710,6.908436623832536e-06,4.000034577287218
12720,6.903022687384924e-06,4.000034536599003
12730,6.897608474330278e-06,4.000034495953684
12740,6.892193993350767e-06,4.000034455351199
12750,6.886779253168682e-06,4.000034414791479
12760,6.881364262479817e-06,4.00003437427446
12770,6.87594902994826e-06,4.000034333800075
12780,6.870533564272988e-06,4.000034293368261
12790,6.865117874182955e-06,4.000034252978953
12800,6.8597019683279696e-06,4.000034212632085
12810,6.854285855453887e-06,4.000034172327592
12820,6.848869544218498e-06,4.000034132065412
12830,6.843453043337674e-06,4.000034091845482
12840,6.838036361496591e-06,4.000034051667735
12850,6.832619507407749e-06,4.0000340115321125
12860,6.827202489732502e-06,4.000033971438548
12870,6.821785317204232e-06,4.000033931386982
12880,6.816367998490108e-06,4.000033891377349
12890,6.810950542306932e-06,4.000033851409589
12900,6.805532957339033e-06,4.0000338114836405
12910,6.800115252255159e-06,4.000033771599442
12920,6.794697435771705e-06,4.000033731756931
12930,6.7892795165810445e-06,4.000033691956047
12940,6.783861503357637e-06,4.000033652196731
12950,6.77844340479803e-06,4.00003361247892
12960,6.773025229577966e-06,4.000033572802557
12970,6.767606986411521e-06,4.000033533167579
12980,6.762188683945122e-06,4.000033493573929
12990,6.756770330875869e-06,4.000033454021548
13000,6.751351935890547e-06,4.000033414510373
13010,6.745933507658804e-06,4.000033375040349
13020,6.740515054860445e-06,4.000033335611416
13030,6.735096586165632e-06,4.000033296223517
13040,6.7296781102637615e-06,4.000033256876594
13050,6.724259635799866e-06,4.000033217570586
13060,6.718841171457723e-06,4.000033178305439
13070,6.713422725882231e-06,4.000033139081094
13080,6.708004307759524e-06,4.000033099897495
13090,6.702585925759276e-06,4.000033060754584
13100,6.697167588501858e-06,4.000033021652305
13110,6.691749304682854e-06,4.000032982590604
13120,6.686331082908495e-06,4.00003294356942
13130,6.680912931876805e-06,4.000032904588702
13140,6.6754948601921175e-06,4.000032865648391
13150,6.670076876520037e-06,4.000032826748434
13160,6.664658989509735e-06,4.0000327878887765
13170,6.659241207772173e-06,4.000032749069359
13180,6.65382353996229e-06,4.000032710290132
13190,6.648405994692066e-06,4.00003267155104
13200,6.6429885806204095e-06,4.000032632852026
13210,6.6375713063381886e-06,4.000032594193039
13220,6.6321541804696374e-06,4.000032555574024
13230,6.626737211646495e-06,4.000032516994929
13240,6.621320408451192e-06,4.000032478455698
13250,6.615903779515693e-06,4.00003243995628
13260,6.610487333440972e-06,4.000032401496623
13270,6.6050710788219455e-06,4.000032363076671
13280,6.599655024258959e-06,4.000032324696374
13290,6.594239178353806e-06,4.000032286355681
13300,6.588823549664123e-06,4.000032248054539
13310,6.583408146790358e-06,4.000032209792894
13320,6.577992978305286e-06,4.000032171570698
13330,6.572578052796176e-06,4.000032133387898
13340,6.56716337881445e-06,4.0000320952444435
13350,6.561748964927425e-06,4.000032057140282
13360,6.556334819714014e-06,4.000032019075365
13370,6.550920951701877e-06,4.00003198104964
13380,6.545507369451837e-06,4.000031943063058
13390,6.540094081508607e-06,4.000031905115568
13400,6.534681096415248e-06,4.000031867207124
13410,6.5292684227102036e-06,4.0000318293376695
13420,6.523856068901131e-06,4.00003179150716
13430,6.518444043544071e-06,4.000031753715546
13440,6.5130323551299635e-06,4.000031715962778
13450,6.50762101217307e-06,4.000031678248805
13460,6.502210023198183e-06,4.000031640573582
13470,6.496799396700685e-06,4.000031602937057
13480,6.491389141163724e-06,4.000031565339183
13490,6.485979265094749e-06,4.000031527779913
13500,6.480569776974312e-06,4.0000314902591985
13510,6.475160685261111e-06,4.000031452776992
13520,6.469751998453181e-06,4.000031415333245
13530,6.464343725009739e-06,4.000031377927911
13540,6.458935873398597e-06,4.000031340560944
13550,6.453528452043373e-06,4.000031303232295
13560,6.448121469410876e-06,4.000031265941918
13570,6.442714933973599e-06,4.000031228689767
13580,6.437308854113206e-06,4.000031191475794
13590,6.431903238286282e-06,4.000031154299956
13600,6.42649809491515e-06,4.000031117162203
13610,6.421093432426653e-06,4.0000310800624925
13620,6.415689259202174e-06,4.000031043000777
13630,6.410285583666854e-06,4.000031005977012
13640,6.4048824142050584e-06,4.000030968991151
13650,6.399479759197217e-06,4.000030932043149
13660,6.3940776270346595e-06,4.000030895132962
13670,6.388676026081486e-06,4.000030858260545
13680,6.383274964743729e-06,4.000030821425854
13690,6.3778744513343986e-06,4.0000307846288425
13700,6.372474494223017e-06,4.000030747869468
13710,6.367075101770785e-06,4.000030711147686
13720,6.361676282293585e-06,4.000030674463453
13730,6.356278044139904e-06,4.000030637816724
13740,6.350880395626691e-06,4.000030601207455
13750,6.345483345048451e-06,4.000030564635606
13760,6.3400869007573194e-06,4.000030528101129
13770,6.334691071039021e-06,4.000030491603984
13780,6.329295864158418e-06,4.000030455144128
13790,6.323901288431874e-06,4.000030418721518
13800,6.318507352127008e-06,4.000030382336108
13810,6.31311406353802e-06,4.00003034598786
13820,6.307721430886429e-06,4.000030309676731
13830,6.30232946244042e-06,4.000030273402676
13840,6.2969381664577065e-06,4.000030237165657
13850,6.291547551153333e-06,4.000030200965627
13860,6.2861576247829656e-06,4.00003016480255
13870,6.280768395553098e-06,4.00003012867638
13880,6.275379871696379e-06,4.000030092587079
13890,6.269992061385558e-06,4.0000300565346025
13900,6.26460497282824e-06,4.000030020518912
13910,6.259218614222186e-06,4.000029984539966
13920,6.253832993740122e-06,4.000029948597722
13930,6.248448119571894e-06,4.000029912692141
13940,6.24306399985108e-06,4.000029876823182
13950,6.237680642730462e-06,4.000029840990805
13960,6.232298056382921e-06,4.000029805194968
13970,6.2269162489243096e-06,4.000029769435634
13980,6.221535228481215e-06,4.000029733712761
13990,6.21615500317357e-06,4.000029698026309
14000,6.210775581126675e-06,4.000029662376241
14010,6.205396970413825e-06,4.0000296267625135
14020,6.200019179139193e-06,4.000029591185089
14030,6.194642215399592e-06,4.00002955564393
14040,6.189266087248607e-06,4.000029520138995
14050,6.183890802747019e-06,4.000029484670246
14060,6.178516369957347e-06,4.000029449237641
14070,6.173142796923894e-06,4.000029413841148
14080,6.167770091690241e-06,4.000029378480724
14090,6.162398262262913e-06,4.0000293431563305
14100,6.157027316686536e-06,4.000029307867931
14110,6.151657262950784e-06,4.000029272615485
14120,6.146288109035133e-06,4.000029237398957
14130,6.140919862966886e-06,4.000029202218307
14140,6.1355525326834365e-06,4.000029167073497
14150,6.1301861262005385e-06,4.000029131964492
14160,6.124820651432617e-06,4.000029096891252
14170,6.1194561163462705e-06,4.00002906185374
14180,6.114092528892513e-06,4.00002902685192
14190,6.1087298969822225e-06,4.0000289918857534
14200,6.103368228538492e-06,4.000028956955204
14210,6.098007531481385e-06,4.000028922060235
14220,6.0926478136927514e-06,4.000028887200809
14230,6.087289083071863e-06,4.000028852376889
14240,6.08193134749244e-06,4.000028817588441
14250,6.076574614821647e-06,4.000028782835425
14260,6.071218892935308e-06,4.000028748117806
14270,6.065864189658844e-06,4.000028713435549
14280,6.060510512837132e-06,4.000028678788616
14290,6.055157870295173e-06,4.000028644176973
14300,6.049806269874036e-06,4.000028609600584
14310,6.044455719347285e-06,4.00002857505941
14320,6.039106226516543e-06,4.00002854055342
14330,6.033757799171128e-06,4.000028506082576
14340,6.028410445084408e-06,4.000028471646842
14350,6.0230641720425465e-06,4.000028437246185
14360,6.0177189877627866e-06,4.0000284028805675
14370,6.01237489999963e-06,4.000028368549956
14380,6.007031916519325e-06,4.000028334254314
14390,6.001690044975422e-06,4.000028299993609
14400,5.996349293128417e-06,4.000028265767804
14410,5.991009668664588e-06,4.0000282315768665
14420,5.985671179253596e-06,4.00002819742076
14430,5.980333832608445e-06,4.000028163299451
14440,5.974997636360309e-06,4.000028129212906
14450,5.969662598194045e-06,4.000028095161087
14460,5.9643287257184065e-06,4.000028061143965
14470,5.958996026587392e-06,4.000028027161503
14480,5.953664508446507e-06,4.000027993213669
14490,5.948334178863022e-06,4.000027959300427
14500,5.943005045456845e-06,4.000027925421745
14510,5.937677115805557e-06,4.00002789157759
14520,5.932350397482473e-06,4.000027857767925
14530,5.927024898067394e-06,4.0000278239927205
14540,5.921700625108104e-06,4.000027790251941
14550,5.91637758613123e-06,4.000027756545554
14560,5.9110557886969245e-06,4.000027722873526
14570,5.905735240296742e-06,4.000027689235825
14580,5.900415948453134e-06,4.000027655632417
14590,5.895097920653222e-06,4.0000276220632704
14600,5.889781164392279e-06,4.000027588528351
14610,5.884465687113686e-06,4.000027555027627
14620,5.879151496299177e-06,4.000027521561066
14630,5.873838599420991e-06,4.000027488128636
14640,5.868527003858844e-06,4.000027454730303
14650,5.863216717097037e-06,4.000027421366036
14660,5.857907746511485e-06,4.000027388035802
14670,5.85260009949538e-06,4.0000273547395695
14680,5.847293783463602e-06,4.000027321477308
14690,5.841988805778099e-06,4.000027288248983
14700,5.83668517382118e-06,4.000027255054564
14710,5.831382894936562e-06,4.00002722189402
14720,5.826081976455352e-06,4.0000271887673176
14730,5.820782425703246e-06,4.000027155674426
14740,5.8154842500085956e-06,4.000027122615314
14750,5.810187456691353e-06,4.00002708958995
14760,5.804892053010017e-06,4.000027056598303
14770,5.799598046284441e-06,4.000027023640342
14780,5.794305443736935e-06,4.000026990716036
14790,5.789014252644521e-06,4.0000269578253524
14800,5.783724480258863e-06,4.000026924968262
14810,5.7784361337938724e-06,4.000026892144733
14820,5.773149220473474e-06,4.000026859354734
14830,5.767863747517376e-06,4.000026826598237
14840,5.762579722098406e-06,4.000026793875208
14850,5.757297151407734e-06,4.000026761185619
14860,5.752016042603296e-06,4.000026728529437
14870,5.746736402856369e-06,4.000026695906634
14880,5.741458239314822e-06,4.00002666331718
14890,5.736181559074959e-06,4.000026630761043
14900,5.730906369283904e-06,4.000026598238192
14910,5.725632677040421e-06,4.000026565748599
14920,5.720360489422426e-06,4.0000265332922345
14930,5.715089813527504e-06,4.000026500869066
14940,5.709820656423208e-06,4.0000264684790645
14950,5.70455302514728e-06,4.0000264361222015
14960,5.699286926763065e-06,4.000026403798447
14970,5.694022368280947e-06,4.000026371507771
14980,5.688759356712611e-06,4.0000263392501445
14990,5.683497899072793e-06,4.000026307025535
15000,5.678238002349453e-06,4.0000262748339175
15010,5.672979673502887e-06,4.00002624267526
15020,5.667722919533627e-06,4.000026210549534
15030,5.662467747351279e-06,4.000026178456709
15040,5.65721416390587e-06,4.00002614639676
15050,5.651962176138678e-06,4.0000261143696525
15060,5.646711790945375e-06,4.00002608237536
15070,5.64146301522882e-06,4.000026050413854
15080,5.636215855880606e-06,4.000026018485105
15090,5.630970319753086e-06,4.000025986589084
15100,5.625726413712121e-06,4.000025954725762
15110,5.620484144625437e-06,4.000025922895113
15120,5.615243519274124e-06,4.0000258910971045
15130,5.61000454453592e-06,4.0000258593317115
15140,5.604767227180323e-06,4.000025827598902
15150,5.599531573999247e-06,4.000025795898652
15160,5.594297591808379e-06,4.000025764230929
15170,5.589065287332098e-06,4.000025732595706
15180,5.583834667328151e-06,4.000025700992956
15190,5.578605738548038e-06,4.000025669422651
15200,5.573378507723185e-06,4.000025637884759
15210,5.56815298154401e-06,4.000025606379257
15220,5.562929166702478e-06,4.000025574906115
15230,5.557707069939981e-06,4.000025543465305
15240,5.552486697852176e-06,4.000025512056799
15250,5.54726805714828e-06,4.000025480680568
15260,5.542051154455919e-06,4.000025449336589
15270,5.536835996399946e-06,4.000025418024828
15280,5.531622589614061e-06,4.000025386745263
15290,5.526410940684086e-06,4.000025355497863
15300,5.5212010562042825e-06,4.000025324282601
15310,5.51599294274673e-06,4.00002529309945
15320,5.510786606883206e-06,4.000025261948384
15330,5.505582055174764e-06,4.000025230829373
15340,5.500379294100807e-06,4.0000251997423915
15350,5.495178330267878e-06,4.0000251686874115
15360,5.489979170106517e-06,4.000025137664408
15370,5.4847818201612565e-06,4.000025106673351
15380,5.479586286862658e-06,4.000025075714214
15390,5.474392576729952e-06,4.000025044786972
15400,5.469200696186601e-06,4.000025013891596
15410,5.464010651657186e-06,4.00002498302806
15420,5.458822449605386e-06,4.0000249521963385
15430,5.453636096406444e-06,4.0000249213964025
15440,5.448451598464052e-06,4.000024890628225
15450,5.44326896217209e-06,4.000024859891781
15460,5.438088193894014e-06,4.000024829187043
15470,5.432909299966018e-06,4.000024798513986
15480,5.427732286762002e-06,4.000024767872581
15490,5.4225571605852185e-06,4.000024737262804
15500,5.417383927767845e-06,4.000024706684626
15510,5.412212594581292e-06,4.0000246761380245
15520,5.407043167309925e-06,4.000024645622968
15530,5.4018756522643294e-06,4.000024615139435
15540,5.396710055659266e-06,4.000024584687396
15550,5.391546383749543e-06,4.000024554266829
15560,5.386384642776984e-06,4.000024523877702
15570,5.381224838920785e-06,4.000024493519993
15580,5.376066978427483e-06,4.000024463193675
15590,5.370911067437566e-06,4.000024432898722
15600,5.365757112154738e-06,4.000024402635107
15610,5.36060511873017e-06,4.000024372402808
15620,5.355455093292959e-06,4.000024342201795
15630,5.350307041990249e-06,4.000024312032043
15640,5.345160970914911e-06,4.000024281893527
15650,5.34001688618779e-06,4.000024251786221
15660,5.334874793877467e-06,4.000024221710099
15670,5.329734700055319e-06,4.000024191665139
15680,5.324596610793443e-06,4.00002416165131
15690,5.319460532128691e-06,4.000024131668588
15700,5.314326470093248e-06,4.000024101716949
15710,5.3091944307115156e-06,4.000024071796369
15720,5.304064419951473e-06,4.000024041906819
15730,5.29893644381399e-06,4.000024012048275
15740,5.29381050829239e-06,4.000023982220712
15750,5.288686619304636e-06,4.000023952424105
15760,5.283564782822795e-06,4.0000239226584275
15770,5.27844500477242e-06,4.0000238929236565
15780,5.273327291045988e-06,4.0000238632197656
15790,5.268211647565274e-06,4.00002383354673
15800,5.263098080218194e-06,4.000023803904523
15810,5.257986594847764e-06,4.000023774293123
15820,5.252877197341628e-06,4.000023744712501
15830,5.247769893509665e-06,4.0000237151626346
15840,5.242664689194103e-06,4.000023685643499
15850,5.237561590221881e-06,4.000023656155069
15860,5.232460602386526e-06,4.000023626697317
15870,5.227361731459113e-06,4.000023597270224
15880,5.222264983197638e-06,4.00002356787376
15890,5.217170363384461e-06,4.000023538507902
15900,5.21207787774578e-06,4.000023509172627
15910,5.206987531997594e-06,4.000023479867909
15920,5.201899331875833e-06,4.000023450593721
15930,5.196813283050483e-06,4.0000234213500425
15940,5.191729391234687e-06,4.000023392136847
15950,5.1866476620516494e-06,4.000023362954111
15960,5.181568101202524e-06,4.000023333801809
15970,5.1764907142807655e-06,4.000023304679916
15980,5.171415506941635e-06,4.000023275588409
15990,5.166342484788221e-06,4.000023246527263
16000,5.1612716534020675e-06,4.000023217496455
16010,5.15620301836601e-06,4.000023188495959
16020,5.151136585246576e-06,4.000023159525751
16030,5.146072359615315e-06,4.000023130585808
16040,5.141010346976006e-06,4.000023101676104
16050,5.1359505528670515e-06,4.000023072796615
16060,5.130892982794811e-06,4.000023043947318
16070,5.125837642229734e-06,4.00002301512819
16080,5.1207845366812415e-06,4.000022986339205
16090,5.115733671590368e-06,4.00002295758034
16100,5.110685052408868e-06,4.00002292885157
16110,5.1056386845713475e-06,4.000022900152872
16120,5.1005945735056164e-06,4.000022871484222
16130,5.095552724583539e-06,4.000022842845595
16140,5.0905131432407765e-06,4.000022814236968
16150,5.085475834815527e-06,4.0000227856583175
16160,5.08044080469464e-06,4.000022757109619
16170,5.075408058187757e-06,4.000022728590849
16180,5.0703776006566105e-06,4.000022700101986
16190,5.065349437393585e-06,4.000022671643002
16200,5.060323573704319e-06,4.0000226432138755
16210,5.055300014890733e-06,4.000022614814584
16220,5.0502787661988884e-06,4.000022586445102
16230,5.045259832910082e-06,4.000022558105406
16240,5.040243220252977e-06,4.000022529795474
16250,5.035228933457888e-06,4.000022501515282
16260,5.030216977734454e-06,4.000022473264805
16270,5.025207358283628e-06,4.000022445044021
16280,5.020200080263493e-06,4.000022416852906
16290,5.01519514887829e-06,4.000022388691436
16300,5.0101925692715125e-06,4.000022360559591
16310,5.0051923465843044e-06,4.000022332457343
16320,5.000194485906406e-06,4.000022304384671
16330,4.995198992379274e-06,4.00002227634155
16340,4.990205871086298e-06,4.000022248327961
16350,4.985215127127657e-06,4.000022220343875
16360,4.980226765529514e-06,4.000022192389273
16370,4.9752407913791655e-06,4.00002216446413
16380,4.970257209659569e-06,4.000022136568423
16390,4.965276025448819e-06,4.000022108702129
16400,4.960297243725501e-06,4.000022080865225
16410,4.955320869472609e-06,4.000022053057688
16420,4.950346907685052e-06,4.0000220252794945
16430,4.945375363309427e-06,4.000021997530622
16440,4.940406241291604e-06,4.000021969811048
16450,4.935439546567722e-06,4.000021942120748
16460,4.930475284057058e-06,4.0000219144596985
16470,4.925513458651219e-06,4.000021886827878
16480,4.920554075250723e-06,4.0000218592252645
16490,4.915597138720189e-06,4.000021831651834
16500,4.910642653896383e-06,4.000021804107561
16510,4.905690625675879e-06,4.000021776592427
16520,4.900741058830604e-06,4.000021749106407
16530,4.895793958196701e-06,4.000021721649479
16540,4.890849328581239e-06,4.000021694221619
16550,4.885907174743222e-06,4.000021666822805
16560,4.880967501466511e-06,4.000021639453015
16570,4.8760303135048746e-06,4.000021612112226
16580,4.871095615605393e-06,4.000021584800413
16590,4.866163412457821e-06,4.000021557517556
16600,4.8612337088152455e-06,4.000021530263631
16610,4.8563065093332145e-06,4.0000215030386155
16620,4.851381818734002e-06,4.0000214758424875
16630,4.846459641647629e-06,4.000021448675224
16640,4.841539982730896e-06,4.000021421536802
16650,4.836622846628777e-06,4.0000213944272005
16660,4.831708237961055e-06,4.000021367346395
16670,4.82679616132576e-06,4.000021340294364
16680,4.821886621318089e-06,4.000021313271085
16690,4.816979622509385e-06,4.000021286276535
16700,4.812075169467691e-06,4.000021259310693
16710,4.807173266742847e-06,4.000021232373536
16720,4.802273918839827e-06,4.00002120546504
16730,4.797377130324088e-06,4.000021178585183
16740,4.7924829056639735e-06,4.000021151733945
16750,4.787591249349912e-06,4.000021124911302
16760,4.7827021658555855e-06,4.00002109811723
16770,4.777815659654756e-06,4.000021071351711
16780,4.772931735165458e-06,4.0000210446147175
16790,4.768050396844115e-06,4.00002101790623
16800,4.763171649077372e-06,4.000020991226227
16810,4.7582954962905344e-06,4.000020964574685
16820,4.753421942852357e-06,4.000020937951581
16830,4.748550993133088e-06,4.000020911356896
16840,4.743682651490777e-06,4.0000208847906045
16850,4.738816922257372e-06,4.000020858252685
16860,4.7339538097780095e-06,4.000020831743117
16870,4.729093318356233e-06,4.000020805261875
16880,4.724235452273058e-06,4.000020778808942
16890,4.719380215823328e-06,4.000020752384291
16900,4.714527613289591e-06,4.000020725987903
16910,4.7096776488716674e-06,4.000020699619754
16920,4.7048303268799075e-06,4.000020673279824
16930,4.699985651475999e-06,4.000020646968089
16940,4.695143626893041e-06,4.000020620684527
16950,4.690304257330974e-06,4.000020594429118
16960,4.685467546960315e-06,4.000020568201839
16970,4.680633499935809e-06,4.000020542002665
16980,4.67580212042189e-06,4.000020515831579
16990,4.67097341256427e-06,4.000020489688557
17000,4.66614738043633e-06,4.000020463573577
17010,4.661324028198761e-06,4.000020437486616
17020,4.656503359908532e-06,4.000020411427656
17030,4.651685379646041e-06,4.0000203853966685
17040,4.6468700914811905e-06,4.000020359393637
17050,4.642057499479542e-06,4.000020333418538
17060,4.637247607635133e-06,4.000020307471351
17070,4.6324404199802535e-06,4.000020281552053
17080,4.627635940541571e-06,4.000020255660621
17090,4.622834173276964e-06,4.000020229797035
17100,4.618035122180759e-06,4.000020203961273
17110,4.613238791193363e-06,4.000020178153312
17120,4.608445184284963e-06,4.00002015237313
17130,4.603654305361339e-06,4.000020126620709
17140,4.598866158351949e-06,4.000020100896023
17150,4.594080747161231e-06,4.0000200751990524
17160,4.589298075663867e-06,4.000020049529775
17170,4.584518147757179e-06,4.000020023888169
17180,4.579740967285974e-06,4.000019998274214
17190,4.574966538079705e-06,4.0000199726878884
17200,4.570194863966643e-06,4.000019947129168
17210,4.565425948794101e-06,4.0000199215980325
17220,4.5606597963274965e-06,4.00001989609446
17230,4.555896410374405e-06,4.000019870618431
17240,4.551135794705979e-06,4.000019845169921
17250,4.546377953058539e-06,4.0000198197489105
17260,4.541622889176789e-06,4.000019794355376
17270,4.5368706068247696e-06,4.0000197689893
17280,4.5321211096802424e-06,4.000019743650656
17290,4.527374401459609e-06,4.000019718339424
17300,4.522630485836647e-06,4.000019693055585
17310,4.5178893664938144e-06,4.0000196677991156
17320,4.5131510470623215e-06,4.000019642569994
17330,4.508415531219358e-06,4.000019617368198
17340,4.503682822560034e-06,4.000019592193709
17350,4.4989529247218656e-06,4.000019567046502
17360,4.494225841301136e-06,4.000019541926559
17370,4.489501575868711e-06,4.000019516833857
17380,4.484780131978487e-06,4.000019491768374
17390,4.480061513233088e-06,4.000019466730088
17400,4.4753457231443015e-06,4.0000194417189805
17410,4.470632765251034e-06,4.000019416735029
17420,4.465922643049519e-06,4.000019391778211
17430,4.461215360051826e-06,4.0000193668485045
17440,4.456510919744883e-06,4.000019341945892
17450,4.451809325574511e-06,4.000019317070347
17460,4.447110581041051e-06,4.000019292221853
17470,4.442414689519716e-06,4.000019267400385
17480,4.437721654507454e-06,4.000019242605924
17490,4.433031479386559e-06,4.000019217838448
17500,4.428344167563651e-06,4.000019193097935
17510,4.423659722413779e-06,4.000019168384364
17520,4.418978147302654e-06,4.000019143697714
17530,4.414299445595927e-06,4.000019119037965
17540,4.4096236206389405e-06,4.000019094405095
17550,4.404950675765591e-06,4.000019069799082
17560,4.4002806142715564e-06,4.000019045219905
17570,4.3956134394679425e-06,4.000019020667544
17580,4.390949154649631e-06,4.000018996141976
17590,4.386287763067169e-06,4.00001897164318
17600,4.38162926799229e-06,4.000018947171137
17610,4.3769736726753665e-06,4.0000189227258245
17620,4.3723209803341315e-06,4.00001889830722
17630,4.367671194182474e-06,4.000018873915305
17640,4.363024317427588e-06,4.000018849550055
17650,4.358380353265855e-06,4.000018825211452
17660,4.353739304851158e-06,4.000018800899475
17670,4.349101175359309e-06,4.0000187766141
17680,4.344465967943254e-06,4.000018752355309
17690,4.339833685698107e-06,4.000018728123078
17700,4.3352043317770834e-06,4.000018703917388
17710,4.330577909276545e-06,4.000018679738218
17720,4.325954421271173e-06,4.000018655585545
17730,4.321333870856419e-06,4.000018631459351
17740,4.316716261070125e-06,4.000018607359611
17750,4.312101594998298e-06,4.000018583286308
17760,4.307489875671103e-06,4.000018559239419
17770,4.302881106066849e-06,4.000018535218923
17780,4.2982752892137204e-06,4.000018511224799
17790,4.2936724281461416e-06,4.000018487257027
17800,4.2890725257668066e-06,4.000018463315584
17810,4.284475585088479e-06,4.000018439400451
17820,4.279881609059735e-06,4.000018415511605
17830,4.275290600618747e-06,4.000018391649029
17840,4.270702562668401e-06,4.000018367812697
17850,4.266117498147777e-06,4.000018344002592
17860,4.261535409937431e-06,4.0000183202186905
17870,4.256956300911067e-06,4.000018296460973
17880,4.2523801739727065e-06,4.000018272729419
17890,4.247807031952487e-06,4.000018249024006
17900,4.243236877669204e-06,4.0000182253447125
17910,4.238669713995581e-06,4.000018201691521
17920,4.2341055437256406e-06,4.000018178064409
17930,4.229544369652627e-06,4.000018154463353
17940,4.224986194575968e-06,4.0000181308883365
17950,4.220431021282604e-06,4.0000181073393355
17960,4.2158788524920055e-06,4.00001808381633
17970,4.211329691022587e-06,4.0000180603193005
17980,4.206783539495384e-06,4.000018036848224
17990,4.2022404007326905e-06,4.000018013403081
18000,4.19770027738407e-06,4.00001798998385
18010,4.1931631721638235e-06,4.000017966590511
18020,4.188629087766604e-06,4.0000179432230425
18030,4.184098026814781e-06,4.000017919881425
18040,4.1795699919961665e-06,4.000017896565635
18050,4.175044985931731e-06,4.000017873275654
18060,4.170523011251508e-06,4.000017850011461
18070,4.166004070565752e-06,4.000017826773035
18080,4.161488166471518e-06,4.000017803560354
18090,4.1569753015624666e-06,4.000017780373399
18100,4.152465478412262e-06,4.000017757212149
18110,4.147958699545744e-06,4.000017734076582
18120,4.143454967554738e-06,4.000017710966678
18130,4.1389542849347e-06,4.000017687882417
18140,4.134456654222373e-06,4.000017664823779
18150,4.129962077928485e-06,4.000017641790739
18160,4.125470558521232e-06,4.000017618783282
18170,4.120982098498037e-06,4.000017595801383
18180,4.11649670031705e-06,4.000017572845024
18190,4.112014366419529e-06,4.000017549914182
18200,4.107535099268526e-06,4.000017527008839
18210,4.103058901291131e-06,4.000017504128971
18220,4.098585774859238e-06,4.0000174812745595
18230,4.094115722399372e-06,4.000017458445584
18240,4.0896487463199525e-06,4.000017435642024
18250,4.085184848953172e-06,4.000017412863858
18260,4.080724032686314e-06,4.000017390111066
18270,4.0762662998355295e-06,4.0000173673836255
18280,4.071811652782231e-06,4.0000173446815195
18290,4.067360093797543e-06,4.000017322004722
18300,4.062911625217522e-06,4.000017299353218
18310,4.058466249331626e-06,4.000017276726985
18320,4.054023968413509e-06,4.000017254126001
18330,4.049584784744493e-06,4.000017231550246
18340,4.0451487005662725e-06,4.0000172089997
18350,4.040715718145791e-06,4.0000171864743415
18360,4.036285839673973e-06,4.000017163974152
18370,4.031859067404495e-06,4.000017141499111
18380,4.027435403530108e-06,4.000017119049193
18390,4.023014850222225e-06,4.000017096624383
18400,4.018597409676818e-06,4.000017074224657
18410,4.014183084054327e-06,4.000017051849996
18420,4.009771875519647e-06,4.000017029500381
18430,4.005363786196126e-06,4.000017007175789
18440,4.000958818213006e-06,4.000016984876199
18450,3.996556973696413e-06,4.000016962601594
18460,3.9921582547215815e-06,4.00001694035195
18470,3.987762663421496e-06,4.000016918127247
18480,3.983370201824212e-06,4.000016895927466
18490,3.978980872008954e-06,4.000016873752586
18500,3.974594676039819e-06,4.000016851602585
18510,3.970211615948034e-06,4.000016829477445
18520,3.965831693734537e-06,4.000016807377143
18530,3.961454911445074e-06,4.0000167853016615
18540,3.957081271063006e-06,4.0000167632509775
18550,3.952710774581256e-06,4.000016741225071
18560,3.948343423981855e-06,4.000016719223923
18570,3.943979221199756e-06,4.000016697247511
18580,3.939618168216809e-06,4.000016675295817
18590,3.93526026693454e-06,4.000016653368817
18600,3.93090551931773e-06,4.000016631466493
18610,3.926553927233639e-06,4.000016609588826
18620,3.922205492630178e-06,4.000016587735793
18630,3.917860217345943e-06,4.000016565907375
18640,3.9135181033075035e-06,4.000016544103549
18650,3.909179152320565e-06,4.000016522324299
18660,3.904843366276358e-06,4.0000165005696005
18670,3.90051074699367e-06,4.000016478839436
18680,3.896181296286632e-06,4.000016457133783
18690,3.8918550160194015e-06,4.000016435452623
18700,3.887531907933739e-06,4.000016413795934
18710,3.883211973829987e-06,4.000016392163697
18720,3.8788952154962854e-06,4.00001637055589
18730,3.874581634727242e-06,4.000016348972494
18740,3.870271233214648e-06,4.000016327413489
18750,3.865964012718126e-06,4.000016305878854
18760,3.861659974970471e-06,4.000016284368567
18770,3.857359121672998e-06,4.000016262882611
18780,3.853061454568967e-06,4.000016241420964
18790,3.848766975296438e-06,4.000016219983604
18800,3.844475685551074e-06,4.0000161985705125
18810,3.840187587003267e-06,4.00001617718167
18820,3.835902681328925e-06,4.000016155817055
18830,3.8316209701312735e-06,4.000016134476646
18840,3.827342455070777e-06,4.0000161131604255
18850,3.82306713772284e-06,4.000016091868371
18860,3.818795019748017e-06,4.000016070600464
18870,3.8145261026945667e-06,4.000016049356682
18880,3.810260388147897e-06,4.000016028137006
18890,3.8059978777292897e-06,4.000016006941416
18900,3.8017385729413803e-06,4.000015985769891
18910,3.7974824753425093e-06,4.000015964622412
18920,3.793229586478551e-06,4.000015943498957
18930,3.7889799078462792e-06,4.0000159223995055
18940,3.7847334409803086e-06,4.00001590132404
18950,3.780490187384736e-06,4.000015880272539
18960,3.7762501485320203e-06,4.000015859244981
18970,3.7720133258741655e-06,4.000015838241346
18980,3.7677797209167424e-06,4.000015817261615
18990,3.763549335086076e-06,4.000015796305769
19000,3.7593221698317656e-06,4.000015775373784
19010,3.7550982265698016e-06,4.000015754465641
19020,3.750877506710896e-06,4.000015733581323
19030,3.7466600117046873e-06,4.000015712720805
19040,3.742445742859617e-06,4.00001569188407
19050,3.738234701641662e-06,4.000015671071099
19060,3.7340268893747576e-06,4.000015650281867
19070,3.7298223074247815e-06,4.000015629516357
19080,3.725620957137515e-06,4.000015608774549
19090,3.7214228398573816e-06,4.000015588056423
19100,3.7172279568916135e-06,4.000015567361958
19110,3.7130363095505153e-06,4.000015546691133
19120,3.7088478991471616e-06,4.000015526043929
19130,3.704662726964843e-06,4.000015505420326
19140,3.700480794277775e-06,4.000015484820304
19150,3.69630210236029e-06,4.000015464243841
19160,3.692126652444098e-06,4.00001544369092
19170,3.6879544458072037e-06,4.000015423161519
19180,3.6837854836547554e-06,4.000015402655616
19190,3.6796197672050223e-06,4.000015382173195
19200,3.6754572976641435e-06,4.000015361714231
19210,3.6712980762516223e-06,4.00001534127871
19220,3.667142104142177e-06,4.0000153208666065
19230,3.6629893824909527e-06,4.000015300477903
19240,3.658839912506182e-06,4.00001528011258
19250,3.654693695289719e-06,4.000015259770614
19260,3.6505507319971386e-06,4.0000152394519874
19270,3.6464110237789033e-06,4.0000152191566825
19280,3.642274571726567e-06,4.0000151988846735
19290,3.638141376992509e-06,4.000015178635946
19300,3.6340114406065237e-06,4.000015158410475
19310,3.629884763716657e-06,4.000015138208246
19320,3.625761347331614e-06,4.000015118029235
19330,3.621641192569739e-06,4.000015097873421
19340,3.6175243004720355e-06,4.000015077740787
19350,3.6134106720638686e-06,4.000015057631311
19360,3.6093003083576213e-06,4.000015037544974
19370,3.6051932104062636e-06,4.000015017481756
19380,3.6010893792184937e-06,4.000014997441636
19390,3.5969888157780343e-06,4.000014977424595
19400,3.592891521048454e-06,4.000014957430611
19410,3.588797496048135e-06,4.000014937459668
19420,3.5847067417021877e-06,4.000014917511743
19430,3.580619259005421e-06,4.000014897586817
19440,3.576535048858759e-06,4.000014877684867
19450,3.5724541122097606e-06,4.000014857805878
19460,3.568376449962017e-06,4.000014837949827
19470,3.5643020630690746e-06,4.0000148181166955
19480,3.560230952401049e-06,4.000014798306461
19490,3.5561631188310297e-06,4.000014778519105
19500,3.5520985632890896e-06,4.00001475875461
19510,3.5480372865426513e-06,4.000014739012953
19520,3.5439792895608303e-06,4.000014719294115
19530,3.5399245731291055e-06,4.000014699598074
19540,3.5358731381042105e-06,4.000014679924814
19550,3.531824985263793e-06,4.000014660274313
19560,3.5277801154824834e-06,4.000014640646549
19570,3.5237385295208682e-06,4.000014621041506
19580,3.5197002282089765e-06,4.000014601459163
19590,3.515665212293789e-06,4.0000145818994985
19600,3.5116334825471715e-06,4.000014562362494
19610,3.5076050397621067e-06,4.0000145428481275
19620,3.503579884654962e-06,4.000014523356382
19630,3.4995580179637265e-06,4.000014503887235
19640,3.495539440466726e-06,4.000014484440669
19650,3.491524152827248e-06,4.000014465016662
19660,3.487512155782491e-06,4.000014445615197
19670,3.483503450017511e-06,4.00001442623625
19680,3.479498036236748e-06,4.000014406879806
19690,3.475495915105623e-06,4.00001438754584
19700,3.471497087272446e-06,4.000014368234335
19710,3.467501553434994e-06,4.000014348945272
19720,3.4635093142052565e-06,4.00001432967863
19730,3.4595203702341306e-06,4.000014310434389
19740,3.455534722176298e-06,4.000014291212528
19750,3.451552370567931e-06,4.000014272013029
19760,3.4475733160984337e-06,4.0000142528358715
19770,3.4435975593143543e-06,4.000014233681037
19780,3.4396251008154743e-06,4.0000142145485045
19790,3.4356559412031635e-06,4.000014195438252
19800,3.431690080976746e-06,4.000014176350264
19810,3.4277275207774946e-06,4.000014157284519
19820,3.4237682610677793e-06,4.000014138240995
19830,3.4198123024278666e-06,4.000014119219675
19840,3.415859645376653e-06,4.000014100220537
19850,3.411910290436741e-06,4.000014081243565
19860,3.4079642381008256e-06,4.000014062288734
19870,3.404021488855285e-06,4.000014043356028
19880,3.400082043211814e-06,4.000014024445427
19890,3.3961459016094423e-06,4.000014005556911
19900,3.392213064538135e-06,4.000013986690457
19910,3.388283532461984e-06,4.00001396784605
19920,3.3843573057903903e-06,4.000013949023667
19930,3.3804343850008114e-06,4.00001393022329
19940,3.37651477049664e-06,4.000013911444899
19950,3.372598462697807e-06,4.000013892688474
19960,3.3686854620055574e-06,4.0000138739539945
19970,3.3647757688290125e-06,4.000013855241443
19980,3.3608693835570274e-06,4.000013836550797
19990,3.3569663065314545e-06,4.0000138178820395
20000,3.3530665381812795e-06,4.000013799235148
